freq_hz,h1_db,h2_target_db,h2_actual_db,h2_actual_linear,h2_actual_phase_rad,htotal_actual_db
3500000000.000000,0.103964771,-0.103964771,-0.082108999,0.990591392666,3.010692959690,0.021855772
3501000000.000000,0.100674489,-0.100674489,-0.085335188,0.990223526946,2.990010808054,0.015339301
3502000000.000000,0.111903841,-0.111903841,-0.088460984,0.989867238672,2.969328656418,0.023442857
3503000000.000000,0.109530580,-0.109530580,-0.091482191,0.989522993750,2.948646504782,0.018048389
3504000000.000000,0.108729700,-0.108729700,-0.094394916,0.989191222918,2.927964353146,0.014334784
3505000000.000000,0.108159292,-0.108159292,-0.097195568,0.988872322489,2.907282201510,0.010963724
3506000000.000000,0.110152797,-0.110152797,-0.099880852,0.988566655094,2.886600049873,0.010271945
3507000000.000000,0.115975720,-0.115975720,-0.102447765,0.988274550430,2.865917898237,0.013527955
3508000000.000000,0.108172066,-0.108172066,-0.104893584,0.987996306006,2.845235746601,0.003278482
3509000000.000000,0.114010028,-0.114010028,-0.107215867,0.987732187897,2.824553594965,0.006794161
3510000000.000000,0.112655188,-0.112655188,-0.109412445,0.987482431500,2.803871443329,0.003242743
3511000000.000000,0.116979841,-0.116979841,-0.111481414,0.987247242283,2.783189291693,0.005498427
3512000000.000000,0.112960163,-0.112960163,-0.113421132,0.987026796542,2.762507140057,-0.000460969
3513000000.000000,0.114301419,-0.114301419,-0.115230211,0.986821242162,2.741824988421,-0.000928792
3514000000.000000,0.116667960,-0.116667960,-0.116907509,0.986630699365,2.721142836784,-0.000239549
3515000000.000000,0.110457549,-0.110457549,-0.118452129,0.986455261471,2.700460685148,-0.007994580
3516000000.000000,0.116752322,-0.116752322,-0.119863409,0.986294995649,2.679778533512,-0.003111087
3517000000.000000,0.116273340,-0.116273340,-0.121140915,0.986149943677,2.659096381876,-0.004867575
3518000000.000000,0.117651833,-0.117651833,-0.122284438,0.986020122685,2.638414230240,-0.004632605
3519000000.000000,0.121641687,-0.121641687,-0.123293984,0.985905525913,2.617732078604,-0.001652297
3520000000.000000,0.116272327,-0.116272327,-0.124169770,0.985806123459,2.597049926968,-0.007897443
3521000000.000000,0.112165773,-0.112165773,-0.124912216,0.985721863016,2.576367775331,-0.012746443
3522000000.000000,0.117957445,-0.117957445,-0.125521941,0.985652670627,2.555685623695,-0.007564496
3523000000.000000,0.114149390,-0.114149390,-0.125999751,0.985598451415,2.535003472059,-0.011850361
3524000000.000000,0.115226732,-0.115226732,-0.126346640,0.985559090323,2.514321320423,-0.011119908
3525000000.000000,0.121006466,-0.121006466,-0.126563776,0.985534452842,2.493639168787,-0.005557310
3526000000.000000,0.118543830,-0.118543830,-0.126652502,0.985524385746,2.472957017151,-0.008108672
3527000000.000000,0.114411386,-0.114411386,-0.126614322,0.985528717806,2.452274865515,-0.012202936
3528000000.000000,0.111955574,-0.111955574,-0.126450898,0.985547260513,2.431592713879,-0.014495324
3529000000.000000,0.111236500,-0.111236500,-0.126164046,0.985579808791,2.410910562242,-0.014927546
3530000000.000000,0.117139683,-0.117139683,-0.125755725,0.985626141702,2.390228410606,-0.008616042
3531000000.000000,0.111922927,-0.111922927,-0.125228032,0.985686023147,2.369546258970,-0.013305105
3532000000.000000,0.112325738,-0.112325738,-0.124583198,0.985759202565,2.348864107334,-0.012257460
3533000000.000000,0.114339565,-0.114339565,-0.123823576,0.985845415618,2.328181955698,-0.009484011
3534000000.000000,0.107365930,-0.107365930,-0.122951641,0.985944384873,2.307499804062,-0.015585711
3535000000.000000,0.102090804,-0.102090804,-0.121969980,0.986055820480,2.286817652426,-0.019879176
3536000000.000000,0.115848254,-0.115848254,-0.120881288,0.986179420840,2.266135500789,-0.005033034
3537000000.000000,0.111118279,-0.111118279,-0.119688357,0.986314873261,2.245453349153,-0.008570078
3538000000.000000,0.103468162,-0.103468162,-0.118394075,0.986461854617,2.224771197517,-0.014925913
3539000000.000000,0.104207135,-0.104207135,-0.117001420,0.986620031987,2.204089045881,-0.012794285
3540000000.000000,0.100381591,-0.100381591,-0.115513450,0.986789063297,2.183406894245,-0.015131859
3541000000.000000,0.102527407,-0.102527407,-0.113933298,0.986968597945,2.162724742609,-0.011405891
3542000000.000000,0.104535104,-0.104535104,-0.112264171,0.987158277421,2.142042590973,-0.007729067
3543000000.000000,0.104449819,-0.104449819,-0.110509336,0.987357735921,2.121360439337,-0.006059517
3544000000.000000,0.099977515,-0.099977515,-0.108672123,0.987566600942,2.100678287700,-0.008694608
3545000000.000000,0.098358846,-0.098358846,-0.106755912,0.987784493885,2.079996136064,-0.008397066
3546000000.000000,0.093023879,-0.093023879,-0.104764134,0.988011030627,2.059313984428,-0.011740255
3547000000.000000,0.098291526,-0.098291526,-0.102700260,0.988245822103,2.038631832792,-0.004408734
3548000000.000000,0.091283784,-0.091283784,-0.100567798,0.988488474867,2.017949681156,-0.009284014
3549000000.000000,0.089912895,-0.089912895,-0.098370290,0.988738591646,1.997267529520,-0.008457395
3550000000.000000,0.087533479,-0.087533479,-0.096111302,0.988995771883,1.976585377884,-0.008577823
3551000000.000000,0.085268103,-0.085268103,-0.093794423,0.989259612274,1.955903226247,-0.008526320
3552000000.000000,0.084938455,-0.084938455,-0.091423261,0.989529707288,1.935221074611,-0.006484806
3553000000.000000,0.086851375,-0.086851375,-0.089001432,0.989805649682,1.914538922975,-0.002150057
3554000000.000000,0.083272775,-0.083272775,-0.086532564,0.990087031002,1.893856771339,-0.003259789
3555000000.000000,0.078303119,-0.078303119,-0.084020285,0.990373442076,1.873174619703,-0.005717166
3556000000.000000,0.074621982,-0.074621982,-0.081468222,0.990664473494,1.852492468067,-0.006846240
3557000000.000000,0.071056561,-0.071056561,-0.078879997,0.990959716079,1.831810316431,-0.007823436
3558000000.000000,0.085289787,-0.085289787,-0.076259222,0.991258761342,1.811128164794,0.009030565
3559000000.000000,0.061158263,-0.061158263,-0.073609495,0.991561201935,1.790446013158,-0.012451232
3560000000.000000,0.072047466,-0.072047466,-0.070934397,0.991866632084,1.769763861522,0.001113069
3561000000.000000,0.068413808,-0.068413808,-0.068237484,0.992174648016,1.749081709886,0.000176324
3562000000.000000,0.062907830,-0.062907830,-0.065522292,0.992484848372,1.728399558250,-0.002614462
3563000000.000000,0.064077422,-0.064077422,-0.062792324,0.992796834609,1.707717406614,0.001285098
3564000000.000000,0.058400792,-0.058400792,-0.060051051,0.993110211391,1.687035254978,-0.001650259
3565000000.000000,0.052879325,-0.052879325,-0.057301911,0.993424586971,1.666353103342,-0.004422586
3566000000.000000,0.057394455,-0.057394455,-0.054548300,0.993739573556,1.645670951705,0.002846155
3567000000.000000,0.055996082,-0.055996082,-0.051793573,0.994054787665,1.624988800069,0.004202509
3568000000.000000,0.056645520,-0.056645520,-0.049041042,0.994369850473,1.604306648433,0.007604478
3569000000.000000,0.045919595,-0.045919595,-0.046293968,0.994684388146,1.583624496797,-0.000374373
3570000000.000000,0.050554469,-0.050554469,-0.043555563,0.994998032160,1.562942345161,0.006998906
3571000000.000000,0.050420062,-0.050420062,-0.040828988,0.995310419613,1.542260193525,0.009591074
3572000000.000000,0.041177475,-0.041177475,-0.038117345,0.995621193524,1.521578041889,0.003060130
3573000000.000000,0.045400008,-0.045400008,-0.035423680,0.995930003118,1.500895890253,0.009976328
3574000000.000000,0.039727024,-0.039727024,-0.032750978,0.996236504101,1.480213738616,0.006976046
3575000000.000000,0.034504129,-0.034504129,-0.030102162,0.996540358926,1.459531586980,0.004401967
3576000000.000000,0.039561414,-0.039561414,-0.027480091,0.996841237045,1.438849435344,0.012081323
3577000000.000000,0.039402694,-0.039402694,-0.024887557,0.997138815147,1.418167283708,0.014515137
3578000000.000000,0.030805528,-0.030805528,-0.022327284,0.997432777390,1.397485132072,0.008478244
3579000000.000000,0.027494101,-0.027494101,-0.019801927,0.997722815617,1.376802980436,0.007692174
3580000000.000000,0.029588926,-0.029588926,-0.017314069,0.998008629563,1.356120828800,0.012274857
3581000000.000000,0.028614501,-0.028614501,-0.014866220,0.998289927053,1.335438677163,0.013748281
3582000000.000000,0.022920354,-0.022920354,-0.012460815,0.998566424181,1.314756525527,0.010459539
3583000000.000000,0.028606185,-0.028606185,-0.010100216,0.998837845487,1.294074373891,0.018505969
3584000000.000000,0.018006047,-0.018006047,-0.007786705,0.999103924116,1.273392222255,0.010219342
3585000000.000000,0.020178759,-0.020178759,-0.005522490,0.999364401972,1.252710070619,0.014656269
3586000000.000000,0.014955483,-0.014955483,-0.003309695,0.999619029856,1.232027918983,0.011645788
3587000000.000000,0.014061978,-0.014061978,-0.001150369,0.999867567593,1.211345767347,0.012911609
3588000000.000000,0.013032103,-0.013032103,0.000953521,1.000109784154,1.190663615711,0.013985624
3589000000.000000,0.011025253,-0.011025253,0.003000090,1.000345457764,1.169981464074,0.014025343
3590000000.000000,0.012355188,-0.012355188,0.004987534,1.000574375997,1.149299312438,0.017342722
3591000000.000000,0.009899270,-0.009899270,0.006914133,1.000796335862,1.128617160802,0.016813403
3592000000.000000,0.005529120,-0.005529120,0.008778247,1.001011143885,1.107935009166,0.014307367
3593000000.000000,0.003297971,-0.003297971,0.010578321,1.001218616170,1.087252857530,0.013876292
3594000000.000000,0.002985694,-0.002985694,0.012312885,1.001418578459,1.066570705894,0.015298579
3595000000.000000,-0.000895656,0.000895656,0.013980548,1.001610866176,1.045888554258,0.013084892
3596000000.000000,0.000558918,-0.000558918,0.015580009,1.001795324468,1.025206402621,0.016138927
3597000000.000000,-0.002970468,0.002970468,0.017110045,1.001971808228,1.004524250985,0.014139577
3598000000.000000,-0.009839777,0.009839777,0.018569522,1.002140182116,0.983842099349,0.008729745
3599000000.000000,-0.002983830,0.002983830,0.019957385,1.002300320567,0.963159947713,0.016973555
3600000000.000000,-0.009568068,0.009568068,0.021272667,1.002452107788,0.942477796077,0.011704599
3601000000.000000,-0.006365081,0.006365081,0.022514481,1.002595437753,0.921795644441,0.016149400
3602000000.000000,-0.013680916,0.013680916,0.023682025,1.002730214180,0.901113492805,0.010001109
3603000000.000000,-0.012163989,0.012163989,0.024774580,1.002856350510,0.880431341169,0.012610591
3604000000.000000,-0.017453470,0.017453470,0.025791507,1.002973769862,0.859749189532,0.008338037
3605000000.000000,-0.017857606,0.017857606,0.026732251,1.003082405000,0.839067037896,0.008874645
3606000000.000000,-0.014936812,0.014936812,0.027596338,1.003182198273,0.818384886260,0.012659526
3607000000.000000,-0.020856763,0.020856763,0.028383373,1.003273101560,0.797702734624,0.007526610
3608000000.000000,-0.019253840,0.019253840,0.029093044,1.003355076196,0.777020582988,0.009839204
3609000000.000000,-0.025228719,0.025228719,0.029725115,1.003428092904,0.756338431352,0.004496396
3610000000.000000,-0.019495783,0.019495783,0.030279431,1.003492131708,0.735656279716,0.010783648
3611000000.000000,-0.024826824,0.024826824,0.030755914,1.003547181841,0.714974128079,0.005929090
3612000000.000000,-0.019657589,0.019657589,0.031154561,1.003593241652,0.694291976443,0.011496972
3613000000.000000,-0.024827991,0.024827991,0.031475447,1.003630318499,0.673609824807,0.006647456
3614000000.000000,-0.025385694,0.025385694,0.031718722,1.003658428640,0.652927673171,0.006333028
3615000000.000000,-0.020585351,0.020585351,0.031884609,1.003677597111,0.632245521535,0.011299258
3616000000.000000,-0.031756294,0.031756294,0.031973404,1.003687857608,0.611563369899,0.000217110
3617000000.000000,-0.021334127,0.021334127,0.031985474,1.003689252355,0.590881218263,0.010651347
3618000000.000000,-0.031514923,0.031514923,0.031921258,1.003681831967,0.570199066627,0.000406335
3619000000.000000,-0.025879791,0.025879791,0.031781263,1.003665655309,0.549516914990,0.005901472
3620000000.000000,-0.029390541,0.029390541,0.031566067,1.003640789349,0.528834763354,0.002175526
3621000000.000000,-0.025773227,0.025773227,0.031276310,1.003607309006,0.508152611718,0.005503083
3622000000.000000,-0.030244116,0.030244116,0.030912702,1.003565296991,0.487470460082,0.000668586
3623000000.000000,-0.024147769,0.024147769,0.030476016,1.003514843648,0.466788308446,0.006328247
3624000000.000000,-0.029581817,0.029581817,0.029967087,1.003456046783,0.446106156810,0.000385270
3625000000.000000,-0.021587693,0.021587693,0.029386812,1.003389011491,0.425424005174,0.007799119
3626000000.000000,-0.028354770,0.028354770,0.028736148,1.003313849986,0.404741853537,0.000381378
3627000000.000000,-0.019797552,0.019797552,0.028016111,1.003230681415,0.384059701901,0.008218559
3628000000.000000,-0.031209978,0.031209978,0.027227774,1.003139631676,0.363377550265,-0.003982204
3629000000.000000,-0.025823069,0.025823069,0.026372265,1.003040833231,0.342695398629,0.000549196
3630000000.000000,-0.020099802,0.020099802,0.025450768,1.002934424913,0.322013246993,0.005350966
3631000000.000000,-0.022502227,0.022502227,0.024464516,1.002820551731,0.301331095357,0.001962289
3632000000.000000,-0.023029919,0.023029919,0.023414795,1.002699364674,0.280648943721,0.000384876
3633000000.000000,-0.021862057,0.021862057,0.022302942,1.002571020507,0.259966792085,0.000440885
3634000000.000000,-0.026567973,0.026567973,0.021130338,1.002435681573,0.239284640448,-0.005437635
3635000000.000000,-0.019936820,0.019936820,0.019898413,1.002293515581,0.218602488812,-0.000038407
3636000000.000000,-0.025675645,0.025675645,0.018608640,1.002144695401,0.197920337176,-0.007067005
3637000000.000000,-0.025734127,0.025734127,0.017262534,1.001989398853,0.177238185540,-0.008471593
3638000000.000000,-0.015461998,0.015461998,0.015861651,1.001827808493,0.156556033904,0.000399653
3639000000.000000,-0.023177577,0.023177577,0.014407589,1.001660111403,0.135873882268,-0.008769988
3640000000.000000,-0.016888201,0.016888201,0.012901979,1.001486498970,0.115191730632,-0.003986222
3641000000.000000,-0.020578050,0.020578050,0.011346491,1.001307166673,0.094509578995,-0.009231559
3642000000.000000,-0.018080197,0.018080197,0.009742828,1.001122313864,0.073827427359,-0.008337369
3643000000.000000,-0.019586323,0.019586323,0.008092725,1.000932143546,0.053145275723,-0.011493598
3644000000.000000,-0.011533258,0.011533258,0.006397946,1.000736862159,0.032463124087,-0.005135312
3645000000.000000,-0.011711138,0.011711138,0.004660287,1.000536679353,0.011780972451,-0.007050851
3646000000.000000,-0.009539083,0.009539083,0.002881568,1.000331807772,-0.008901179185,-0.006657515
3647000000.000000,-0.007796673,0.007796673,0.001063634,1.000122462831,-0.029583330821,-0.006733039
3648000000.000000,-0.012862006,0.012862006,-0.000791646,0.999908862495,-0.050265482457,-0.013653652
3649000000.000000,0.002595562,-0.002595562,-0.002682382,0.999691227059,-0.070947634094,-0.000086820
3650000000.000000,0.000036918,-0.000036918,-0.004606663,0.999469778924,-0.091629785730,-0.004569745
3651000000.000000,-0.005637859,0.005637859,-0.006562563,0.999244742381,-0.112311937366,-0.012200422
3652000000.000000,0.001216334,-0.001216334,-0.008548138,0.999016343391,-0.132994089002,-0.007331804
3653000000.000000,0.000748950,-0.000748950,-0.010561430,0.998784809364,-0.153676240638,-0.009812480
3654000000.000000,0.001322631,-0.001322631,-0.012600471,0.998550368941,-0.174358392274,-0.011277840
3655000000.000000,-0.003513358,0.003513358,-0.014663279,0.998313251781,-0.195040543910,-0.018176637
3656000000.000000,-0.000606095,0.000606095,-0.016747866,0.998073688344,-0.215722695547,-0.017353961
3657000000.000000,0.005389001,-0.005389001,-0.018852237,0.997831909675,-0.236404847183,-0.013463236
3658000000.000000,0.012761908,-0.012761908,-0.020974391,0.997588147196,-0.257086998819,-0.008212483
3659000000.000000,0.016895147,-0.016895147,-0.023112323,0.997342632492,-0.277769150455,-0.006217176
3660000000.000000,0.015042996,-0.015042996,-0.025264029,0.997095597105,-0.298451302091,-0.010221033
3661000000.000000,0.014019410,-0.014019410,-0.027427503,0.996847272327,-0.319133453727,-0.013408093
3662000000.000000,0.014619927,-0.014619927,-0.029600742,0.996597888996,-0.339815605363,-0.014980815
3663000000.000000,0.014168746,-0.014168746,-0.031781746,0.996347677294,-0.360497756999,-0.017613000
3664000000.000000,0.026312655,-0.026312655,-0.033968521,0.996096866546,-0.381179908636,-0.007655866
3665000000.000000,0.018054991,-0.018054991,-0.036159082,0.995845685028,-0.401862060272,-0.018104091
3666000000.000000,0.022745223,-0.022745223,-0.038351448,0.995594359769,-0.422544211908,-0.015606225
3667000000.000000,0.030937547,-0.030937547,-0.040543654,0.995343116361,-0.443226363544,-0.009606107
3668000000.000000,0.033273845,-0.033273845,-0.042733744,0.995092178772,-0.463908515180,-0.009459899
3669000000.000000,0.020966695,-0.020966695,-0.044919777,0.994841769160,-0.484590666816,-0.023953082
3670000000.000000,0.028393502,-0.028393502,-0.047099826,0.994592107691,-0.505272818452,-0.018706324
3671000000.000000,0.036612509,-0.036612509,-0.049271983,0.994343412365,-0.525954970088,-0.012659474
3672000000.000000,0.037753234,-0.037753234,-0.051434358,0.994095898833,-0.546637121725,-0.013681124
3673000000.000000,0.038274107,-0.038274107,-0.053585080,0.993849780233,-0.567319273361,-0.015310973
3674000000.000000,0.039830394,-0.039830394,-0.055722300,0.993605267021,-0.588001424997,-0.015891906
3675000000.000000,0.040468156,-0.040468156,-0.057844194,0.993362566803,-0.608683576633,-0.017376038
3676000000.000000,0.040956685,-0.040956685,-0.059948960,0.993121884180,-0.629365728269,-0.018992275
3677000000.000000,0.050806364,-0.050806364,-0.062034824,0.992883420589,-0.650047879905,-0.011228460
3678000000.000000,0.051987977,-0.051987977,-0.064100038,0.992647374153,-0.670730031541,-0.012112061
3679000000.000000,0.057063223,-0.057063223,-0.066142884,0.992413939530,-0.691412183178,-0.009079661
3680000000.000000,0.056376774,-0.056376774,-0.068161674,0.992183307772,-0.712094334814,-0.011784900
3681000000.000000,0.059359256,-0.059359256,-0.070154750,0.991955666186,-0.732776486450,-0.010795494
3682000000.000000,0.057119635,-0.057119635,-0.072120488,0.991731198194,-0.753458638086,-0.015000853
3683000000.000000,0.065483688,-0.065483688,-0.074057297,0.991510083210,-0.774140789722,-0.008573609
3684000000.000000,0.068950118,-0.068950118,-0.075963623,0.991292496507,-0.794822941358,-0.007013505
3685000000.000000,0.065258583,-0.065258583,-0.077837947,0.991078609096,-0.815505092994,-0.012579364
3686000000.000000,0.066969735,-0.066969735,-0.079678786,0.990868587614,-0.836187244630,-0.012709051
3687000000.000000,0.072291057,-0.072291057,-0.081484699,0.990662594204,-0.856869396267,-0.009193642
3688000000.000000,0.075715275,-0.075715275,-0.083254281,0.990460786413,-0.877551547903,-0.007539006
3689000000.000000,0.066929701,-0.066929701,-0.084986170,0.990263317086,-0.898233699539,-0.018056469
3690000000.000000,0.072992617,-0.072992617,-0.086679043,0.990070334267,-0.918915851175,-0.013686426
3691000000.000000,0.075381437,-0.075381437,-0.088331623,0.989881981108,-0.939598002811,-0.012950186
3692000000.000000,0.081626013,-0.081626013,-0.089942674,0.989698395776,-0.960280154447,-0.008316661
3693000000.000000,0.086638903,-0.086638903,-0.091511003,0.989519711374,-0.980962306083,-0.004872100
3694000000.000000,0.083853085,-0.083853085,-0.093035465,0.989346055856,-1.001644457720,-0.009182380
3695000000.000000,0.076711000,-0.076711000,-0.094514958,0.989177551958,-1.022326609356,-0.017803958
3696000000.000000,0.081909275,-0.081909275,-0.095948429,0.989014317126,-1.043008760992,-0.014039154
3697000000.000000,0.085203147,-0.085203147,-0.097334869,0.988856463451,-1.063690912628,-0.012131722
3698000000.000000,0.084490691,-0.084490691,-0.098673319,0.988704097612,-1.084373064264,-0.014182628
3699000000.000000,0.091267450,-0.091267450,-0.099962867,0.988557320816,-1.105055215900,-0.008695417
3700000000.000000,0.097794045,-0.097794045,-0.101202651,0.988416228756,-1.125737367536,-0.003408606
3701000000.000000,0.094893099,-0.094893099,-0.102391857,0.988280911561,-1.146419519172,-0.007498758
3702000000.000000,0.094114088,-0.094114088,-0.103529722,0.988151453756,-1.167101670809,-0.009415634
3703000000.000000,0.105340519,-0.105340519,-0.104615531,0.988027934229,-1.187783822445,0.000724988
3704000000.000000,0.107650583,-0.107650583,-0.105648622,0.987910426200,-1.208465974081,0.002001961
3705000000.000000,0.100941432,-0.100941432,-0.106628381,0.987798997198,-1.229148125717,-0.005686949
3706000000.000000,0.111970702,-0.111970702,-0.107554248,0.987693709036,-1.249830277353,0.004416454
3707000000.000000,0.100657024,-0.100657024,-0.108425711,0.987594617800,-1.270512428989,-0.007768687
3708000000.000000,0.101642301,-0.101642301,-0.109242312,0.987501773835,-1.291194580625,-0.007600011
3709000000.000000,0.104321519,-0.104321519,-0.110003642,0.987415221744,-1.311876732262,-0.005682123
3710000000.000000,0.112976257,-0.112976257,-0.110709345,0.987335000381,-1.332558883898,0.002266912
3711000000.000000,0.111727874,-0.111727874,-0.111359117,0.987261142857,-1.353241035534,0.000368757
3712000000.000000,0.115425085,-0.115425085,-0.111952703,0.987193676550,-1.373923187170,0.003472382
3713000000.000000,0.105854328,-0.105854328,-0.112489903,0.987132623117,-1.394605338806,-0.006635575
3714000000.000000,0.116422269,-0.116422269,-0.112970564,0.987077998507,-1.415287490442,0.003451705
3715000000.000000,0.110541735,-0.110541735,-0.113394587,0.987029812991,-1.435969642078,-0.002852852
3716000000.000000,0.117478128,-0.117478128,-0.113761924,0.986988071183,-1.456651793714,0.003716204
3717000000.000000,0.118051187,-0.118051187,-0.114072576,0.986952772072,-1.477333945351,0.003978611
3718000000.000000,0.110718611,-0.110718611,-0.114326595,0.986923909057,-1.498016096987,-0.003607984
3719000000.000000,0.115737658,-0.115737658,-0.114524083,0.986901469989,-1.518698248623,0.001213575
3720000000.000000,0.115499814,-0.115499814,-0.114665191,0.986885437210,-1.539380400259,0.000834623
3721000000.000000,0.124054074,-0.124054074,-0.114750121,0.986875787608,-1.560062551895,0.009303953
3722000000.000000,0.124702592,-0.124702592,-0.114779121,0.986872492661,-1.580744703531,0.009923471
3723000000.000000,0.120769340,-0.120769340,-0.114752489,0.986875518501,-1.601426855167,0.006016851
3724000000.000000,0.123967806,-0.123967806,-0.114670571,0.986884825968,-1.622109006804,0.009297235
3725000000.000000,0.112221354,-0.112221354,-0.114533758,0.986900370678,-1.642791158440,-0.002312404
3726000000.000000,0.125252303,-0.125252303,-0.114342489,0.986922103089,-1.663473310076,0.010909814
3727000000.000000,0.121588650,-0.121588650,-0.114097249,0.986949968573,-1.684155461712,0.007491401
3728000000.000000,0.121647900,-0.121647900,-0.113798567,0.986983907493,-1.704837613348,0.007849333
3729000000.000000,0.123894169,-0.123894169,-0.113447016,0.987023855277,-1.725519764984,0.010447153
3730000000.000000,0.120488350,-0.120488350,-0.113043214,0.987069742505,-1.746201916620,0.007445136
3731000000.000000,0.132718919,-0.132718919,-0.112587821,0.987121494996,-1.766884068256,0.020131098
3732000000.000000,0.127111960,-0.127111960,-0.112081539,0.987179033890,-1.787566219893,0.015030421
3733000000.000000,0.121273340,-0.121273340,-0.111525111,0.987242275747,-1.808248371529,0.009748229
3734000000.000000,0.122813829,-0.122813829,-0.110919320,0.987311132641,-1.828930523165,0.011894509
3735000000.000000,0.124921886,-0.124921886,-0.110264988,0.987385512253,-1.849612674801,0.014656898
3736000000.000000,0.117533217,-0.117533217,-0.109562977,0.987465317983,-1.870294826437,0.007970240
3737000000.000000,0.113876913,-0.113876913,-0.108814184,0.987550449042,-1.890976978073,0.005062729
3738000000.000000,0.121634174,-0.121634174,-0.108019543,0.987640800568,-1.911659129709,0.013614631
3739000000.000000,0.121995475,-0.121995475,-0.107180025,0.987736263733,-1.932341281346,0.014815450
3740000000.000000,0.119959115,-0.119959115,-0.106296633,0.987836725851,-1.953023432982,0.013662482
3741000000.000000,0.119043461,-0.119043461,-0.105370404,0.987942070500,-1.973705584618,0.013673057
3742000000.000000,0.119632323,-0.119632323,-0.104402407,0.988052177632,-1.994387736254,0.015229916
3743000000.000000,0.124284796,-0.124284796,-0.103393742,0.988166923696,-2.015069887890,0.020891054
3744000000.000000,0.119855736,-0.119855736,-0.102345538,0.988286181757,-2.035752039526,0.017510198
3745000000.000000,0.116750763,-0.116750763,-0.101258955,0.988409821622,-2.056434191162,0.015491808
3746000000.000000,0.113488407,-0.113488407,-0.100135178,0.988537709961,-2.077116342798,0.013353229
3747000000.000000,0.115961240,-0.115961240,-0.098975420,0.988669710438,-2.097798494435,0.016985820
3748000000.000000,0.114843287,-0.114843287,-0.097780917,0.988805683836,-2.118480646071,0.017062370
3749000000.000000,0.109386523,-0.109386523,-0.096552931,0.988945488191,-2.139162797707,0.012833592
3750000000.000000,0.115226528,-0.115226528,-0.095292746,0.989088978920,-2.159844949343,0.019933782
3751000000.000000,0.109474800,-0.109474800,-0.094001667,0.989236008955,-2.180527100979,0.015473133
3752000000.000000,0.110969742,-0.110969742,-0.092681020,0.989386428877,-2.201209252615,0.018288722
3753000000.000000,0.104931693,-0.104931693,-0.091332150,0.989540087055,-2.221891404251,0.013599543
3754000000.000000,0.105823187,-0.105823187,-0.089956418,0.989696829775,-2.242573555887,0.015866769
3755000000.000000,0.106898524,-0.106898524,-0.088555202,0.989856501385,-2.263255707524,0.018343322
3756000000.000000,0.105406122,-0.105406122,-0.087129898,0.990018944426,-2.283937859160,0.018276224
3757000000.000000,0.103374239,-0.103374239,-0.085681913,0.990183999778,-2.304620010796,0.017692326
3758000000.000000,0.102890483,-0.102890483,-0.084212666,0.990351506793,-2.325302162432,0.018677817
3759000000.000000,0.095007832,-0.095007832,-0.082723590,0.990521303439,-2.345984314068,0.012284242
3760000000.000000,0.093979550,-0.093979550,-0.081216127,0.990693226436,-2.366666465704,0.012763423
3761000000.000000,0.095946010,-0.095946010,-0.079691727,0.990867111401,-2.387348617340,0.016254283
3762000000.000000,0.100340274,-0.100340274,-0.078151848,0.991042792987,-2.408030768977,0.022188426
3763000000.000000,0.095182461,-0.095182461,-0.076597954,0.991220105022,-2.428712920613,0.018584507
3764000000.000000,0.092596663,-0.092596663,-0.075031516,0.991398880649,-2.449395072249,0.017565147
3765000000.000000,0.097556006,-0.097556006,-0.073454005,0.991578952471,-2.470077223885,0.024102001
3766000000.000000,0.087446503,-0.087446503,-0.071866899,0.991760152686,-2.490759375521,0.015579604
3767000000.000000,0.080308210,-0.080308210,-0.070271673,0.991942313229,-2.511441527157,0.010036537
3768000000.000000,0.083116490,-0.083116490,-0.068669806,0.992125265910,-2.532123678793,0.014446684
3769000000.000000,0.082911320,-0.082911320,-0.067062772,0.992308842555,-2.552805830430,0.015848548
3770000000.000000,0.085027940,-0.085027940,-0.065452045,0.992492875140,-2.573487982066,0.019575895
3771000000.000000,0.073681506,-0.073681506,-0.063839095,0.992677195932,-2.594170133702,0.009842411
3772000000.000000,0.076643390,-0.076643390,-0.062225387,0.992861637621,-2.614852285338,0.014418003
3773000000.000000,0.068895176,-0.068895176,-0.060612379,0.993046033461,-2.635534436974,0.008282797
3774000000.000000,0.077957806,-0.077957806,-0.059001524,0.993230217396,-2.656216588610,0.018956282
3775000000.000000,0.072124288,-0.072124288,-0.057394266,0.993414024201,-2.676898740246,0.014730022
3776000000.000000,0.064676500,-0.064676500,-0.055792037,0.993597289608,-2.697580891882,0.008884463
3777000000.000000,0.068067835,-0.068067835,-0.054196262,0.993779850437,-2.718263043519,0.013871573
3778000000.000000,0.060557986,-0.060557986,-0.052608353,0.993961544727,-2.738945195155,0.007949633
3779000000.000000,0.060634238,-0.060634238,-0.051029708,0.994142211862,-2.759627346791,0.009604530
3780000000.000000,0.064158119,-0.064158119,-0.049461713,0.994321692695,-2.780309498427,0.014696406
3781000000.000000,0.064225034,-0.064225034,-0.047905738,0.994499829673,-2.800991650063,0.016319296
3782000000.000000,0.059822601,-0.059822601,-0.046363138,0.994676466961,-2.821673801699,0.013459463
3783000000.000000,0.049966814,-0.049966814,-0.044835250,0.994851450555,-2.842355953335,0.005131564
3784000000.000000,0.049999158,-0.049999158,-0.043323393,0.995024628409,-2.863038104971,0.006675765
3785000000.000000,0.047037856,-0.047037856,-0.041828869,0.995195850544,-2.883720256608,0.005208987
3786000000.000000,0.058109638,-0.058109638,-0.040352957,0.995364969166,-2.904402408244,0.017756681
3787000000.000000,0.045673402,-0.045673402,-0.038896919,0.995531838774,-2.925084559880,0.006776483
3788000000.000000,0.039119038,-0.039119038,-0.037461992,0.995696316272,-2.945766711516,0.001657046
3789000000.000000,0.042696239,-0.042696239,-0.036049392,0.995858261075,-2.966448863152,0.006646847
3790000000.000000,0.041019030,-0.041019030,-0.034660312,0.996017535212,-2.987131014788,0.006358718
3791000000.000000,0.038007947,-0.038007947,-0.033295920,0.996174003431,-3.007813166424,0.004712027
3792000000.000000,0.037318374,-0.037318374,-0.031957358,0.996327533294,-3.028495318061,0.005361016
3793000000.000000,0.042891197,-0.042891197,-0.030645743,0.996477995277,-3.049177469697,0.012245454
3794000000.000000,0.032082542,-0.032082542,-0.029362167,0.996625262865,-3.069859621333,0.002720375
3795000000.000000,0.031601290,-0.031601290,-0.028107692,0.996769212639,-3.090541772969,0.003493598
3796000000.000000,0.026186336,-0.026186336,-0.026883353,0.996909724366,-3.111223924605,-0.000697017
3797000000.000000,0.031363794,-0.031363794,-0.025690156,0.997046681087,-3.131906076241,0.005673638
3798000000.000000,0.025306728,-0.025306728,-0.024529079,0.997179969198,-3.152588227877,0.000777649
3799000000.000000,0.027834498,-0.027834498,-0.023401067,0.997309478527,-3.173270379513,0.004433431
3800000000.000000,0.024776516,-0.024776516,-0.022307037,0.997435102415,-3.193952531150,0.002469479
3801000000.000000,0.023368417,-0.023368417,-0.021247874,0.997556737788,-3.214634682786,0.002120543
3802000000.000000,0.024237742,-0.024237742,-0.020224429,0.997674285225,-3.235316834422,0.004013313
3803000000.000000,0.019016035,-0.019016035,-0.019237524,0.997787649030,-3.255998986058,-0.000221489
3804000000.000000,0.015819367,-0.015819367,-0.018287947,0.997896737290,-3.276681137694,-0.002468580
3805000000.000000,0.013674882,-0.013674882,-0.017376451,0.998001461943,-3.297363289330,-0.003701569
3806000000.000000,0.005448204,-0.005448204,-0.016503756,0.998101738831,-3.318045440966,-0.011055552
3807000000.000000,0.014006826,-0.014006826,-0.015670550,0.998197487754,-3.338727592603,-0.001663724
3808000000.000000,0.012164284,-0.012164284,-0.014877483,0.998288632525,-3.359409744239,-0.002713199
3809000000.000000,0.004779851,-0.004779851,-0.014125172,0.998375101014,-3.380091895875,-0.009345321
3810000000.000000,0.002838385,-0.002838385,-0.013414199,0.998456825194,-3.400774047511,-0.010575814
3811000000.000000,-0.000313296,0.000313296,-0.012745108,0.998533741183,-3.421456199147,-0.013058404
3812000000.000000,0.009714590,-0.009714590,-0.012118410,0.998605789279,-3.442138350783,-0.002403820
3813000000.000000,0.006457208,-0.006457208,-0.011534578,0.998672913998,-3.462820502419,-0.005077370
3814000000.000000,0.000873814,-0.000873814,-0.010994048,0.998735064100,-3.483502654055,-0.010120234
3815000000.000000,0.005958765,-0.005958765,-0.010497222,0.998792192622,-3.504184805692,-0.004538457
3816000000.000000,0.002806272,-0.002806272,-0.010044463,0.998844256898,-3.524866957328,-0.007238191
3817000000.000000,-0.006861706,0.006861706,-0.009636096,0.998891218581,-3.545549108964,-0.016497802
3818000000.000000,-0.005352314,0.005352314,-0.009272413,0.998933043660,-3.566231260600,-0.014624727
3819000000.000000,-0.002510958,0.002510958,-0.008953664,0.998969702475,-3.586913412236,-0.011464622
3820000000.000000,-0.001401483,0.001401483,-0.008680065,0.999001169725,-3.607595563872,-0.010081548
3821000000.000000,-0.007441661,0.007441661,-0.008451794,0.999027424475,-3.628277715508,-0.015893455
3822000000.000000,-0.007264749,0.007264749,-0.008268992,0.999048450163,-3.648959867145,-0.015533741
3823000000.000000,-0.012489521,0.012489521,-0.008131760,0.999064234596,-3.669642018781,-0.020621281
3824000000.000000,-0.002782342,0.002782342,-0.008040166,0.999074769948,-3.690324170417,-0.010822508
3825000000.000000,-0.003490847,0.003490847,-0.007994238,0.999080052755,-3.711006322053,-0.011485085
3826000000.000000,-0.012055012,0.012055012,-0.007993967,0.999080083902,-3.731688473689,-0.020048979
3827000000.000000,-0.014331175,0.014331175,-0.008039308,0.999074868613,-3.752370625325,-0.022370483
3828000000.000000,-0.010738136,0.010738136,-0.008130179,0.999064416430,-3.773052776961,-0.018868315
3829000000.000000,-0.012938446,0.012938446,-0.008266461,0.999048741198,-3.793734928597,-0.021204907
3830000000.000000,-0.005569089,0.005569089,-0.008447999,0.999027861038,-3.814417080234,-0.014017088
3831000000.000000,-0.004232734,0.004232734,-0.008674600,0.999001798321,-3.835099231870,-0.012907334
3832000000.000000,-0.007411663,0.007411663,-0.008946037,0.998970579641,-3.855781383506,-0.016357700
3833000000.000000,-0.009253686,0.009253686,-0.009262047,0.998934235779,-3.876463535142,-0.018515733
3834000000.000000,-0.006740188,0.006740188,-0.009622330,0.998892801669,-3.897145686778,-0.016362518
3835000000.000000,-0.004518637,0.004518637,-0.010026554,0.998846316358,-3.917827838414,-0.014545191
3836000000.000000,-0.004404310,0.004404310,-0.010474348,0.998794822963,-3.938509990050,-0.014878658
3837000000.000000,-0.004842769,0.004842769,-0.010965309,0.998738368629,-3.959192141687,-0.015808078
3838000000.000000,-0.000604878,0.000604878,-0.011499001,0.998677004479,-3.979874293323,-0.012103879
3839000000.000000,-0.012103827,0.012103827,-0.012074953,0.998610785561,-4.000556444959,-0.024178780
3840000000.000000,0.001661542,-0.001661542,-0.012692659,0.998539770797,-4.021238596595,-0.011031117
3841000000.000000,0.000483851,-0.000483851,-0.013351584,0.998464022927,-4.041920748231,-0.012867733
3842000000.000000,-0.003449801,0.003449801,-0.014051158,0.998383608445,-4.062602899867,-0.017500959
3843000000.000000,0.000515374,-0.000515374,-0.014790780,0.998298597544,-4.083285051503,-0.014275406
3844000000.000000,-0.000161875,0.000161875,-0.015569819,0.998209064043,-4.103967203139,-0.015731694
3845000000.000000,-0.003573160,0.003573160,-0.016387610,0.998115085325,-4.124649354776,-0.019960770
3846000000.000000,0.004569988,-0.004569988,-0.017243463,0.998016742267,-4.145331506412,-0.012673475
3847000000.000000,-0.002904200,0.002904200,-0.018136653,0.997914119165,-4.166013658048,-0.021040853
3848000000.000000,0.003678908,-0.003678908,-0.019066430,0.997807303660,-4.186695809684,-0.015387522
3849000000.000000,-0.001335240,0.001335240,-0.020032013,0.997696386663,-4.207377961320,-0.021367253
3850000000.000000,0.003823454,-0.003823454,-0.021032596,0.997581462272,-4.228060112956,-0.017209142
3851000000.000000,0.000515792,-0.000515792,-0.022067344,0.997462627692,-4.248742264592,-0.021551552
3852000000.000000,0.008496708,-0.008496708,-0.023135397,0.997339983154,-4.269424416229,-0.014638689
3853000000.000000,0.003533670,-0.003533670,-0.024235867,0.997213631822,-4.290106567865,-0.020702197
3854000000.000000,0.010594803,-0.010594803,-0.025367845,0.997083679713,-4.310788719501,-0.014773042
3855000000.000000,0.008795660,-0.008795660,-0.026530393,0.996950235601,-4.331470871137,-0.017734733
3856000000.000000,0.012719273,-0.012719273,-0.027722555,0.996813410930,-4.352153022773,-0.015003282
3857000000.000000,0.018257068,-0.018257068,-0.028943347,0.996673319715,-4.372835174409,-0.010686279
3858000000.000000,0.010944476,-0.010944476,-0.030191767,0.996530078454,-4.393517326045,-0.019247291
3859000000.000000,0.018493282,-0.018493282,-0.031466791,0.996383806023,-4.414199477681,-0.012973509
3860000000.000000,0.013911173,-0.013911173,-0.032767374,0.996234623584,-4.434881629318,-0.018856201
3861000000.000000,0.023238381,-0.023238381,-0.034092450,0.996082654483,-4.455563780954,-0.010854069
3862000000.000000,0.019464473,-0.019464473,-0.035440939,0.995928024146,-4.476245932590,-0.015976466
3863000000.000000,0.016053733,-0.016053733,-0.036811739,0.995770859982,-4.496928084226,-0.020758006
3864000000.000000,0.025421498,-0.025421498,-0.038203734,0.995611291273,-4.517610235862,-0.012782236
3865000000.000000,0.024436619,-0.024436619,-0.039615789,0.995449449072,-4.538292387498,-0.015179170
3866000000.000000,0.021082162,-0.021082162,-0.041046756,0.995285466098,-4.558974539134,-0.019964594
3867000000.000000,0.029813463,-0.029813463,-0.042495472,0.995119476627,-4.579656690771,-0.012682009
3868000000.000000,0.029410957,-0.029410957,-0.043960762,0.994951616384,-4.600338842407,-0.014549805
3869000000.000000,0.031630905,-0.031630905,-0.045441437,0.994782022435,-4.621020994043,-0.013810532
3870000000.000000,0.033475838,-0.033475838,-0.046936297,0.994610833076,-4.641703145679,-0.013460459
3871000000.000000,0.038469487,-0.038469487,-0.048444131,0.994438187724,-4.662385297315,-0.009974644
3872000000.000000,0.040373191,-0.040373191,-0.049963721,0.994264226807,-4.683067448951,-0.009590530
3873000000.000000,0.041976764,-0.041976764,-0.051493836,0.994089091649,-4.703749600587,-0.009517072
3874000000.000000,0.046572691,-0.046572691,-0.053033240,0.993912924363,-4.724431752223,-0.006460549
3875000000.000000,0.043581595,-0.043581595,-0.054580691,0.993735867736,-4.745113903860,-0.010999096
3876000000.000000,0.047479622,-0.047479622,-0.056134939,0.993558065116,-4.765796055496,-0.008655317
3877000000.000000,0.053414306,-0.053414306,-0.057694731,0.993379660301,-4.786478207132,-0.004280425
3878000000.000000,0.047792580,-0.047792580,-0.059258809,0.993200797428,-4.807160358768,-0.011466229
3879000000.000000,0.051516942,-0.051516942,-0.060825912,0.993021620857,-4.827842510404,-0.009308970
3880000000.000000,0.053669933,-0.053669933,-0.062394779,0.992842275060,-4.848524662040,-0.008724846
3881000000.000000,0.050416231,-0.050416231,-0.063964145,0.992662904509,-4.869206813676,-0.013547914
3882000000.000000,0.063135623,-0.063135623,-0.065532749,0.992483653566,-4.889888965313,-0.002397126
3883000000.000000,0.060212483,-0.060212483,-0.067099327,0.992304666365,-4.910571116949,-0.006886844
3884000000.000000,0.063630113,-0.063630113,-0.068662620,0.992126086710,-4.931253268585,-0.005032507
3885000000.000000,0.064204804,-0.064204804,-0.070221370,0.991948057956,-4.951935420221,-0.006016566
3886000000.000000,0.063626035,-0.063626035,-0.071774325,0.991770722904,-4.972617571857,-0.008148290
3887000000.000000,0.066088595,-0.066088595,-0.073320236,0.991594223688,-4.993299723493,-0.007231641
3888000000.000000,0.074253137,-0.074253137,-0.074857860,0.991418701669,-5.013981875129,-0.000604723
3889000000.000000,0.069789429,-0.069789429,-0.076385964,0.991244297327,-5.034664026765,-0.006596535
3890000000.000000,0.080820079,-0.080820079,-0.077903318,0.991071150153,-5.055346178402,0.002916761
3891000000.000000,0.082930151,-0.082930151,-0.079408704,0.990899398543,-5.076028330038,0.003521447
3892000000.000000,0.083572949,-0.083572949,-0.080900913,0.990729179693,-5.096710481674,0.002672036
3893000000.000000,0.085480807,-0.085480807,-0.082378747,0.990560629497,-5.117392633310,0.003102060
3894000000.000000,0.089646147,-0.089646147,-0.083841018,0.990393882443,-5.138074784946,0.005805129
3895000000.000000,0.090025765,-0.090025765,-0.085286553,0.990229071511,-5.158756936582,0.004739212
3896000000.000000,0.092776564,-0.092776564,-0.086714190,0.990066328075,-5.179439088218,0.006062374
3897000000.000000,0.091256030,-0.091256030,-0.088122783,0.989905781805,-5.200121239854,0.003133247
3898000000.000000,0.088297787,-0.088297787,-0.089511200,0.989747560566,-5.220803391491,-0.001213413
3899000000.000000,0.089640928,-0.089640928,-0.090878326,0.989591790328,-5.241485543127,-0.001237398
3900000000.000000,0.097463385,-0.097463385,-0.092223062,0.989438595069,-5.262167694763,0.005240323
3901000000.000000,0.101864517,-0.101864517,-0.093544328,0.989288096683,-5.282849846399,0.008320189
3902000000.000000,0.102346333,-0.102346333,-0.094841062,0.989140414892,-5.303531998035,0.007505271
3903000000.000000,0.111090992,-0.111090992,-0.096112221,0.988995667157,-5.324214149671,0.014978771
3904000000.000000,0.102282538,-0.102282538,-0.097356783,0.988853968588,-5.344896301307,0.004925755
3905000000.000000,0.108244451,-0.108244451,-0.098573747,0.988715431864,-5.365578452944,0.009670704
3906000000.000000,0.109248322,-0.109248322,-0.099762132,0.988580167150,-5.386260604580,0.009486190
3907000000.000000,0.109442571,-0.109442571,-0.100920982,0.988448282013,-5.406942756216,0.008521589
3908000000.000000,0.111835104,-0.111835104,-0.102049363,0.988319881348,-5.427624907852,0.009785741
3909000000.000000,0.118232465,-0.118232465,-0.103146366,0.988195067299,-5.448307059488,0.015086099
3910000000.000000,0.112215308,-0.112215308,-0.104211105,0.988073939188,-5.468989211124,0.008004203
3911000000.000000,0.122186745,-0.122186745,-0.105242720,0.987956593439,-5.489671362760,0.016944025
3912000000.000000,0.117313782,-0.117313782,-0.106240380,0.987843123514,-5.510353514396,0.011073402
3913000000.000000,0.116110948,-0.116110948,-0.107203275,0.987733619842,-5.531035666033,0.008907673
3914000000.000000,0.124258733,-0.124258733,-0.108130627,0.987628169758,-5.551717817669,0.016128106
3915000000.000000,0.121633424,-0.121633424,-0.109021684,0.987526857437,-5.572399969305,0.012611740
3916000000.000000,0.125918242,-0.125918242,-0.109875722,0.987429763840,-5.593082120941,0.016042520
3917000000.000000,0.115852637,-0.115852637,-0.110692047,0.987336966652,-5.613764272577,0.005160590
3918000000.000000,0.131086434,-0.131086434,-0.111469995,0.987248540230,-5.634446424213,0.019616439
3919000000.000000,0.128223963,-0.128223963,-0.112208930,0.987164555553,-5.655128575849,0.016015033
3920000000.000000,0.131907702,-0.131907702,-0.112908248,0.987085080170,-5.675810727486,0.018999454
3921000000.000000,0.130423437,-0.130423437,-0.113567376,0.987010178156,-5.696492879122,0.016856061
3922000000.000000,0.124379983,-0.124379983,-0.114185772,0.986939910068,-5.717175030758,0.010194211
3923000000.000000,0.127721138,-0.127721138,-0.114762924,0.986874332902,-5.737857182394,0.012958214
3924000000.000000,0.133048768,-0.133048768,-0.115298356,0.986813500061,-5.758539334030,0.017750412
3925000000.000000,0.128910524,-0.128910524,-0.115791621,0.986757461311,-5.779221485666,0.013118903
3926000000.000000,0.134199931,-0.134199931,-0.116242305,0.986706262757,-5.799903637302,0.017957626
3927000000.000000,0.131397919,-0.131397919,-0.116650030,0.986659946809,-5.820585788938,0.014747889
3928000000.000000,0.133042081,-0.133042081,-0.117014448,0.986618552157,-5.841267940575,0.016027633
3929000000.000000,0.132178284,-0.132178284,-0.117335247,0.986582113746,-5.861950092211,0.014843037
3930000000.000000,0.137067959,-0.137067959,-0.117612147,0.986550662757,-5.882632243847,0.019455812
3931000000.000000,0.131353496,-0.131353496,-0.117844902,0.986524226585,-5.903314395483,0.013508594
3932000000.000000,0.144839005,-0.144839005,-0.118033301,0.986502828832,-5.923996547119,0.026805704
3933000000.000000,0.136888442,-0.136888442,-0.118177168,0.986486489286,-5.944678698755,0.018711274
3934000000.000000,0.132004051,-0.132004051,-0.118276358,0.986475223916,-5.965360850391,0.013727693
3935000000.000000,0.135633152,-0.135633152,-0.118330765,0.986469044867,-5.986043002028,0.017302387
3936000000.000000,0.135566814,-0.135566814,-0.118340313,0.986467960454,-6.006725153664,0.017226501
3937000000.000000,0.137199320,-0.137199320,-0.118304964,0.986471975164,-6.027407305300,0.018894356
3938000000.000000,0.139204196,-0.139204196,-0.118224711,0.986481089655,-6.048089456936,0.020979485
3939000000.000000,0.136821021,-0.136821021,-0.118099584,0.986495300767,-6.068771608572,0.018721437
3940000000.000000,0.138923878,-0.138923878,-0.117929646,0.986514601524,-6.089453760208,0.020994232
3941000000.000000,0.141962528,-0.141962528,-0.117714996,0.986538981151,-6.110135911844,0.024247532
3942000000.000000,0.135867019,-0.135867019,-0.117455763,0.986568425083,-6.130818063480,0.018411256
3943000000.000000,0.128412058,-0.128412058,-0.117152114,0.986602914987,-6.151500215117,0.011259944
3944000000.000000,0.132987553,-0.132987553,-0.116804248,0.986642428777,-6.172182366753,0.016183305
3945000000.000000,0.128225582,-0.128225582,-0.116412398,0.986686940642,-6.192864518389,0.011813184
3946000000.000000,0.131558735,-0.131558735,-0.115976828,0.986736421066,-6.213546670025,0.015581907
3947000000.000000,0.130471502,-0.130471502,-0.115497839,0.986790836861,-6.234228821661,0.014973663
3948000000.000000,0.137517720,-0.137517720,-0.114975760,0.986850151195,-6.254910973297,0.022541960
3949000000.000000,0.125028833,-0.125028833,-0.114410957,0.986914323627,-6.275593124933,0.010617876
3950000000.000000,0.132555969,-0.132555969,-0.113803823,0.986983310146,-6.296275276570,0.018752146
3951000000.000000,0.127157589,-0.127157589,-0.113154788,0.987057063203,-6.316957428206,0.014002801
3952000000.000000,0.133161750,-0.133161750,-0.112464309,0.987135531763,-6.337639579842,0.020697441
3953000000.000000,0.132766994,-0.132766994,-0.111732876,0.987218661340,-6.358321731478,0.021034118
3954000000.000000,0.122638493,-0.122638493,-0.110961007,0.987306394050,-6.379003883114,0.011677486
3955000000.000000,0.126531663,-0.126531663,-0.110149254,0.987398668660,-6.399686034750,0.016382409
3956000000.000000,0.124188100,-0.124188100,-0.109298193,0.987495420638,-6.420368186386,0.014889907
3957000000.000000,0.131121096,-0.131121096,-0.108408434,0.987596582209,-6.441050338022,0.022712662
3958000000.000000,0.118374066,-0.118374066,-0.107480612,0.987702082410,-6.461732489659,0.010893454
3959000000.000000,0.120511572,-0.120511572,-0.106515390,0.987811847156,-6.482414641295,0.013996182
3960000000.000000,0.120152583,-0.120152583,-0.105513460,0.987925799290,-6.503096792931,0.014639123
3961000000.000000,0.119912416,-0.119912416,-0.104475538,0.988043858661,-6.523778944567,0.015436878
3962000000.000000,0.122360671,-0.122360671,-0.103402369,0.988165942178,-6.544461096203,0.018958302
3963000000.000000,0.115097590,-0.115097590,-0.102294720,0.988291963885,-6.565143247839,0.012802870
3964000000.000000,0.119440287,-0.119440287,-0.101153385,0.988421835032,-6.585825399475,0.018286902
3965000000.000000,0.113579405,-0.113579405,-0.099979181,0.988555464144,-6.606507551112,0.013600224
3966000000.000000,0.116139724,-0.116139724,-0.098772947,0.988692757097,-6.627189702748,0.017366777
3967000000.000000,0.108443823,-0.108443823,-0.097535547,0.988833617195,-6.647871854384,0.010908276
3968000000.000000,0.111207708,-0.111207708,-0.096267866,0.988977945251,-6.668554006020,0.014939842
3969000000.000000,0.107917132,-0.107917132,-0.094970808,0.989125639660,-6.689236157656,0.012946324
3970000000.000000,0.115837491,-0.115837491,-0.093645300,0.989276596491,-6.709918309292,0.022192191
3971000000.000000,0.097374128,-0.097374128,-0.092292286,0.989430709562,-6.730600460928,0.005081842
3972000000.000000,0.098900001,-0.098900001,-0.090912731,0.989587870529,-6.751282612564,0.007987270
3973000000.000000,0.097016946,-0.097016946,-0.089507615,0.989747968977,-6.771964764201,0.007509331
3974000000.000000,0.098009028,-0.098009028,-0.088077939,0.989910892499,-6.792646915837,0.009931089
3975000000.000000,0.088021980,-0.088021980,-0.086624717,0.990076526796,-6.813329067473,0.001397263
3976000000.000000,0.091221193,-0.091221193,-0.085148978,0.990244755762,-6.834011219109,0.006072215
3977000000.000000,0.088451023,-0.088451023,-0.083651768,0.990415461580,-6.854693370745,0.004799255
3978000000.000000,0.082688810,-0.082688810,-0.082134146,0.990588524811,-6.875375522381,0.000554664
3979000000.000000,0.089015195,-0.089015195,-0.080597182,0.990763824498,-6.896057674017,0.008418013
3980000000.000000,0.087142213,-0.087142213,-0.079041959,0.990941238252,-6.916739825654,0.008100254
3981000000.000000,0.085238487,-0.085238487,-0.077469572,0.991120642358,-6.937421977290,0.007768915
3982000000.000000,0.089078983,-0.089078983,-0.075881124,0.991301911865,-6.958104128926,0.013197859
3983000000.000000,0.071587391,-0.071587391,-0.074277730,0.991484920692,-6.978786280562,-0.002690339
3984000000.000000,0.071268859,-0.071268859,-0.072660511,0.991669541725,-6.999468432198,-0.001391652
3985000000.000000,0.072527319,-0.072527319,-0.071030595,0.991855646917,-7.020150583834,0.001496724
3986000000.000000,0.066405199,-0.066405199,-0.069389120,0.992043107388,-7.040832735470,-0.002983921
3987000000.000000,0.069686036,-0.069686036,-0.067737224,0.992231793531,-7.061514887106,0.001948812
3988000000.000000,0.067999645,-0.067999645,-0.066076056,0.992421575111,-7.082197038743,0.001923589
3989000000.000000,0.060832514,-0.060832514,-0.064406764,0.992612321368,-7.102879190379,-0.003574250
3990000000.000000,0.060681149,-0.060681149,-0.062730500,0.992803901121,-7.123561342015,-0.002049351
3991000000.000000,0.056425428,-0.056425428,-0.061048419,0.992996182869,-7.144243493651,-0.004622991
3992000000.000000,0.054992266,-0.054992266,-0.059361677,0.993189034899,-7.164925645287,-0.004369411
3993000000.000000,0.045954593,-0.045954593,-0.057671428,0.993382325384,-7.185607796923,-0.011716835
3994000000.000000,0.055460804,-0.055460804,-0.055978828,0.993575922490,-7.206289948559,-0.000518024
3995000000.000000,0.047417853,-0.047417853,-0.054285028,0.993769694481,-7.226972100196,-0.006867175
3996000000.000000,0.046063349,-0.046063349,-0.052591181,0.993963509817,-7.247654251832,-0.006527832
3997000000.000000,0.041396531,-0.041396531,-0.050898431,0.994157237262,-7.268336403468,-0.009501900
3998000000.000000,0.044352410,-0.044352410,-0.049207922,0.994350745985,-7.289018555104,-0.004855512
3999000000.000000,0.042062748,-0.042062748,-0.047520790,0.994543905664,-7.309700706740,-0.005458042
4000000000.000000,0.033227544,-0.033227544,-0.045838167,0.994736586586,-7.330382858376,-0.012610623
4001000000.000000,0.038840064,-0.038840064,-0.044161175,0.994928659748,-7.351065010012,-0.005321111
4002000000.000000,0.030750376,-0.030750376,-0.042490930,0.995119996963,-7.371747161648,-0.011740554
4003000000.000000,0.031265279,-0.031265279,-0.040828540,0.995310470954,-7.392429313285,-0.009563261
4004000000.000000,0.028751087,-0.028751087,-0.039175101,0.995499955458,-7.413111464921,-0.010424014
4005000000.000000,0.027285612,-0.027285612,-0.037531701,0.995688325323,-7.433793616557,-0.010246089
4006000000.000000,0.019586294,-0.019586294,-0.035899414,0.995875456604,-7.454475768193,-0.016313120
4007000000.000000,0.020228054,-0.020228054,-0.034279304,0.996061226666,-7.475157919829,-0.014051250
4008000000.000000,0.017111720,-0.017111720,-0.032672421,0.996245514272,-7.495840071465,-0.015560701
4009000000.000000,0.013870115,-0.013870115,-0.031079802,0.996428199683,-7.516522223101,-0.017209687
4010000000.000000,0.013382001,-0.013382001,-0.029502468,0.996609164750,-7.537204374738,-0.016120467
4011000000.000000,0.007648257,-0.007648257,-0.027941426,0.996788293007,-7.557886526374,-0.020293169
4012000000.000000,0.014815565,-0.014815565,-0.026397667,0.996965469759,-7.578568678010,-0.011582102
4013000000.000000,0.006736106,-0.006736106,-0.024872165,0.997140582176,-7.599250829646,-0.018136059
4014000000.000000,-0.001380646,0.001380646,-0.023365874,0.997313519377,-7.619932981282,-0.024746520
4015000000.000000,0.006781335,-0.006781335,-0.021879734,0.997484172520,-7.640615132918,-0.015098399
4016000000.000000,0.003697504,-0.003697504,-0.020414663,0.997652434885,-7.661297284554,-0.016717159
4017000000.000000,0.008760286,-0.008760286,-0.018971561,0.997818201955,-7.681979436190,-0.010211275
4018000000.000000,0.003914024,-0.003914024,-0.017551305,0.997981371504,-7.702661587827,-0.013637281
4019000000.000000,-0.002180344,0.002180344,-0.016154755,0.998141843669,-7.723343739463,-0.018335099
4020000000.000000,0.001314439,-0.001314439,-0.014782745,0.998299521035,-7.744025891099,-0.013468306
4021000000.000000,-0.006469947,0.006469947,-0.013436091,0.998454308704,-7.764708042735,-0.019906038
4022000000.000000,0.000102296,-0.000102296,-0.012115583,0.998606114375,-7.785390194371,-0.012013287
4023000000.000000,-0.003085190,0.003085190,-0.010821988,0.998754848414,-7.806072346007,-0.013907178
4024000000.000000,-0.009827461,0.009827461,-0.009556051,0.998900423922,-7.826754497643,-0.019383512
4025000000.000000,-0.005622837,0.005622837,-0.008318491,0.999042756804,-7.847436649279,-0.013941328
4026000000.000000,-0.009872449,0.009872449,-0.007110001,0.999181765836,-7.868118800916,-0.016982450
4027000000.000000,-0.012520329,0.012520329,-0.005931250,0.999317372725,-7.888800952552,-0.018451579
4028000000.000000,-0.011863833,0.011863833,-0.004782880,0.999449502173,-7.909483104188,-0.016646713
4029000000.000000,-0.014666401,0.014666401,-0.003665507,0.999578081936,-7.930165255824,-0.018331908
4030000000.000000,-0.015751000,0.015751000,-0.002579720,0.999703042877,-7.950847407460,-0.018330720
4031000000.000000,-0.022590926,0.022590926,-0.001526080,0.999824319023,-7.971529559096,-0.024117006
4032000000.000000,-0.018673176,0.018673176,-0.000505120,0.999941847613,-7.992211710732,-0.019178296
4033000000.000000,-0.019197197,0.019197197,0.000482654,1.000055569151,-8.012893862369,-0.018714543
4034000000.000000,-0.020534913,0.020534913,0.001436766,1.000165427450,-8.033576014005,-0.019098147
4035000000.000000,-0.024527617,0.024527617,0.002356767,1.000271369676,-8.054258165641,-0.022170850
4036000000.000000,-0.022329085,0.022329085,0.003242240,1.000373346387,-8.074940317277,-0.019086845
4037000000.000000,-0.022130327,0.022130327,0.004092796,1.000471311576,-8.095622468913,-0.018037531
4038000000.000000,-0.022272356,0.022272356,0.004908075,1.000565222703,-8.116304620549,-0.017364281
4039000000.000000,-0.023510966,0.023510966,0.005687749,1.000655040730,-8.136986772185,-0.017823217
4040000000.000000,-0.030643845,0.030643845,0.006431519,1.000740730148,-8.157668923821,-0.024212326
4041000000.000000,-0.024187023,0.024187023,0.007139116,1.000822259010,-8.178351075458,-0.017047907
4042000000.000000,-0.030997142,0.030997142,0.007810305,1.000899598951,-8.199033227094,-0.023186837
4043000000.000000,-0.027330649,0.027330649,0.008444877,1.000972725211,-8.219715378730,-0.018885772
4044000000.000000,-0.024619678,0.024619678,0.009042659,1.001041616656,-8.240397530366,-0.015577019
4045000000.000000,-0.024954219,0.024954219,0.009603505,1.001106255791,-8.261079682002,-0.015350714
4046000000.000000,-0.035024958,0.035024958,0.010127303,1.001166628776,-8.281761833638,-0.024897655
4047000000.000000,-0.025540723,0.025540723,0.010613971,1.001222725435,-8.302443985274,-0.014926752
4048000000.000000,-0.019008528,0.019008528,0.011063458,1.001274539264,-8.323126136911,-0.007945070
4049000000.000000,-0.029712288,0.029712288,0.011475748,1.001322067434,-8.343808288547,-0.018236540
4050000000.000000,-0.030097950,0.030097950,0.011850851,1.001365310798,-8.364490440183,-0.018247099
4051000000.000000,-0.037732984,0.037732984,0.012188812,1.001404273882,-8.385172591819,-0.025544172
4052000000.000000,-0.034078654,0.034078654,0.012489706,1.001438964886,-8.405854743455,-0.021588948
4053000000.000000,-0.024880437,0.024880437,0.012753641,1.001469395676,-8.426536895091,-0.012126796
4054000000.000000,-0.032602097,0.032602097,0.012980754,1.001495581776,-8.447219046727,-0.019621343
4055000000.000000,-0.028188065,0.028188065,0.013171214,1.001517542348,-8.467901198363,-0.015016851
4056000000.000000,-0.035853821,0.035853821,0.013325221,1.001535300187,-8.488583350000,-0.022528600
4057000000.000000,-0.033355090,0.033355090,0.013443007,1.001548881691,-8.509265501636,-0.019912083
4058000000.000000,-0.023617629,0.023617629,0.013524833,1.001558316849,-8.529947653272,-0.010092796
4059000000.000000,-0.025612128,0.025612128,0.013570990,1.001563639210,-8.550629804908,-0.012041138
4060000000.000000,-0.032416861,0.032416861,0.013581802,1.001564885861,-8.571311956544,-0.018835059
4061000000.000000,-0.018027020,0.018027020,0.013557619,1.001562097390,-8.591994108180,-0.004469401
4062000000.000000,-0.019800682,0.019800682,0.013498825,1.001555317860,-8.612676259816,-0.006301857
4063000000.000000,-0.024225437,0.024225437,0.013405829,1.001544594771,-8.633358411453,-0.010819608
4064000000.000000,-0.023971227,0.023971227,0.013279073,1.001529979017,-8.654040563089,-0.010692154
4065000000.000000,-0.024238758,0.024238758,0.013119026,1.001511524853,-8.674722714725,-0.011119732
4066000000.000000,-0.015418112,0.015418112,0.012926184,1.001489289843,-8.695404866361,-0.002491928
4067000000.000000,-0.022341106,0.022341106,0.012701074,1.001463334818,-8.716087017997,-0.009640032
4068000000.000000,-0.020666381,0.020666381,0.012444248,1.001433723826,-8.736769169633,-0.008222133
4069000000.000000,-0.015644507,0.015644507,0.012156287,1.001400524079,-8.757451321269,-0.003488220
4070000000.000000,-0.014161907,0.014161907,0.011837797,1.001363805898,-8.778133472906,-0.002324110
4071000000.000000,-0.011851785,0.011851785,0.011489412,1.001323642657,-8.798815624542,-0.000362373
4072000000.000000,-0.013491601,0.013491601,0.011111790,1.001280110724,-8.819497776178,-0.002379811
4073000000.000000,-0.017473028,0.017473028,0.010705615,1.001233289395,-8.840179927814,-0.006767413
4074000000.000000,-0.017254629,0.017254629,0.010271597,1.001183260835,-8.860862079450,-0.006983032
4075000000.000000,-0.016149640,0.016149640,0.009810468,1.001130110007,-8.881544231086,-0.006339172
4076000000.000000,-0.009692961,0.009692961,0.009322985,1.001073924605,-8.902226382722,-0.000369976
4077000000.000000,-0.010266455,0.010266455,0.008809928,1.001014794978,-8.922908534358,-0.001456527
4078000000.000000,-0.016426820,0.016426820,0.008272098,1.000952814064,-8.943590685995,-0.008154722
4079000000.000000,-0.000520853,0.000520853,0.007710318,1.000888077307,-8.964272837631,0.007189465
4080000000.000000,-0.013248061,0.013248061,0.007125435,1.000820682580,-8.984954989267,-0.006122626
4081000000.000000,0.002280693,-0.002280693,0.006518312,1.000750730110,-9.005637140903,0.008799005
4082000000.000000,-0.005996568,0.005996568,0.005889836,1.000678322389,-9.026319292539,-0.000106732
4083000000.000000,0.001390139,-0.001390139,0.005240910,1.000603564093,-9.047001444175,0.006631049
4084000000.000000,0.002814346,-0.002814346,0.004572456,1.000526561995,-9.067683595811,0.007386802
4085000000.000000,0.000592972,-0.000592972,0.003885414,1.000447424881,-9.088365747447,0.004478386
4086000000.000000,-0.004019277,0.004019277,0.003180741,1.000366263454,-9.109047899084,-0.000838536
4087000000.000000,0.006066010,-0.006066010,0.002459411,1.000283190245,-9.129730050720,0.008525421
4088000000.000000,0.008192929,-0.008192929,0.001722411,1.000198319523,-9.150412202356,0.009915340
4089000000.000000,0.006394478,-0.006394478,0.000970743,1.000111767198,-9.171094353992,0.007365221
4090000000.000000,0.010154263,-0.010154263,0.000205425,1.000023650723,-9.191776505628,0.010359688
4091000000.000000,0.007428914,-0.007428914,-0.000572515,0.999934089001,-9.212458657264,0.006856399
4092000000.000000,0.006185701,-0.006185701,-0.001362034,0.999843202280,-9.233140808900,0.004823667
4093000000.000000,0.014864416,-0.014864416,-0.002162082,0.999751112061,-9.253822960537,0.012702334
4094000000.000000,0.008385405,-0.008385405,-0.002971595,0.999657940989,-9.274505112173,0.005413810
4095000000.000000,0.012938241,-0.012938241,-0.003789501,0.999563812755,-9.295187263809,0.009148740
4096000000.000000,0.017578851,-0.017578851,-0.004614719,0.999468851990,-9.315869415445,0.012964132
4097000000.000000,0.017912635,-0.017912635,-0.005446160,0.999373184165,-9.336551567081,0.012466475
4098000000.000000,0.018143122,-0.018143122,-0.006282730,0.999276935479,-9.357233718717,0.011860392
4099000000.000000,0.013754538,-0.013754538,-0.007123328,0.999180232758,-9.377915870353,0.006631210
4100000000.000000,0.024389119,-0.024389119,-0.007966847,0.999083203345,-9.398598021989,0.016422272
4101000000.000000,0.021161509,-0.021161509,-0.008812178,0.998985974996,-9.419280173626,0.012349331
4102000000.000000,0.027165864,-0.027165864,-0.009658207,0.998888675767,-9.439962325262,0.017507657
4103000000.000000,0.022652921,-0.022652921,-0.010503820,0.998791433909,-9.460644476898,0.012149101
4104000000.000000,0.020566039,-0.020566039,-0.011347900,0.998694377759,-9.481326628534,0.009218139
4105000000.000000,0.021509024,-0.021509024,-0.012189331,0.998597635629,-9.502008780170,0.009319693
4106000000.000000,0.029309463,-0.029309463,-0.013026997,0.998501335697,-9.522690931806,0.016282466
4107000000.000000,0.033913317,-0.033913317,-0.013859783,0.998405605898,-9.543373083442,0.020053534
4108000000.000000,0.030563758,-0.030563758,-0.014686579,0.998310573812,-9.564055235079,0.015877179
4109000000.000000,0.032723151,-0.032723151,-0.015506276,0.998216366559,-9.584737386715,0.017216875
4110000000.000000,0.031259673,-0.031259673,-0.016317772,0.998123110682,-9.605419538351,0.014941901
4111000000.000000,0.029432113,-0.029432113,-0.017119968,0.998030932045,-9.626101689987,0.012312145
4112000000.000000,0.034972116,-0.034972116,-0.017911773,0.997939955720,-9.646783841623,0.017060343
4113000000.000000,0.040964043,-0.040964043,-0.018692104,0.997850305878,-9.667465993259,0.022271939
4114000000.000000,0.039145184,-0.039145184,-0.019459886,0.997762105682,-9.688148144895,0.019685298
4115000000.000000,0.037013883,-0.037013883,-0.020214052,0.997675477179,-9.708830296531,0.016799831
4116000000.000000,0.033978569,-0.033978569,-0.020953547,0.997590541192,-9.729512448168,0.013025022
4117000000.000000,0.040881479,-0.040881479,-0.021677326,0.997507417214,-9.750194599804,0.019204153
4118000000.000000,0.032873826,-0.032873826,-0.022384359,0.997426223303,-9.770876751440,0.010489467
4119000000.000000,0.034252655,-0.034252655,-0.023073625,0.997347075976,-9.791558903076,0.011179030
4120000000.000000,0.035467440,-0.035467440,-0.023744120,0.997270090105,-9.812241054712,0.011723320
4121000000.000000,0.047628826,-0.047628826,-0.024394855,0.997195378816,-9.832923206348,0.023233971
4122000000.000000,0.038694622,-0.038694622,-0.025024856,0.997123053387,-9.853605357984,0.013669766
4123000000.000000,0.043156192,-0.043156192,-0.025633165,0.997053223145,-9.874287509621,0.017523027
4124000000.000000,0.045908105,-0.045908105,-0.026218843,0.996985995371,-9.894969661257,0.019689262
4125000000.000000,0.046332294,-0.046332294,-0.026780971,0.996921475197,-9.915651812893,0.019551323
4126000000.000000,0.047992927,-0.047992927,-0.027318646,0.996859765516,-9.936333964529,0.020674281
4127000000.000000,0.051784585,-0.051784585,-0.027830988,0.996800966884,-9.957016116165,0.023953597
4128000000.000000,0.052357646,-0.052357646,-0.028317138,0.996745177424,-9.977698267801,0.024040508
4129000000.000000,0.053271079,-0.053271079,-0.028776258,0.996692492740,-9.998380419437,0.024494821
4130000000.000000,0.054932571,-0.054932571,-0.029207533,0.996643005825,-10.019062571073,0.025725038
4131000000.000000,0.043915184,-0.043915184,-0.029610172,0.996596806974,-10.039744722710,0.014305012
4132000000.000000,0.044417937,-0.044417937,-0.029983409,0.996553983695,-10.060426874346,0.014434528
4133000000.000000,0.047225517,-0.047225517,-0.030326501,0.996514620630,-10.081109025982,0.016899016
4134000000.000000,0.056112345,-0.056112345,-0.030638733,0.996478799470,-10.101791177618,0.025473612
4135000000.000000,0.043941020,-0.043941020,-0.030919417,0.996446598877,-10.122473329254,0.013021603
4136000000.000000,0.045898384,-0.045898384,-0.031167890,0.996418094407,-10.143155480890,0.014730494
4137000000.000000,0.045975800,-0.045975800,-0.031383519,0.996393358432,-10.163837632526,0.014592281
4138000000.000000,0.048800355,-0.048800355,-0.031565699,0.996372460071,-10.184519784162,0.017234656
4139000000.000000,0.053328072,-0.053328072,-0.031713854,0.996355465118,-10.205201935799,0.021614218
4140000000.000000,0.044431235,-0.044431235,-0.031827438,0.996342435976,-10.225884087435,0.012603797
4141000000.000000,0.051579675,-0.051579675,-0.031905937,0.996333431587,-10.246566239071,0.019673738
4142000000.000000,0.054827420,-0.054827420,-0.031948866,0.996328507376,-10.267248390707,0.022878554
4143000000.000000,0.043260046,-0.043260046,-0.031955772,0.996327715186,-10.287930542343,0.011304274
4144000000.000000,0.042417075,-0.042417075,-0.031926235,0.996331103224,-10.308612693979,0.010490840
4145000000.000000,0.044479929,-0.044479929,-0.031859868,0.996338716005,-10.329294845615,0.012620061
4146000000.000000,0.047643666,-0.047643666,-0.031756316,0.996350594300,-10.349976997252,0.015887350
4147000000.000000,0.048621870,-0.048621870,-0.031615258,0.996366775092,-10.370659148888,0.017006612
4148000000.000000,0.042309703,-0.042309703,-0.031436407,0.996387291521,-10.391341300524,0.010873296
4149000000.000000,0.040846959,-0.040846959,-0.031219509,0.996412172853,-10.412023452160,0.009627450
4150000000.000000,0.045878589,-0.045878589,-0.030964348,0.996441444430,-10.432705603796,0.014914241
4151000000.000000,0.040644693,-0.040644693,-0.030670739,0.996475127640,-10.453387755432,0.009973954
4152000000.000000,0.042375327,-0.042375327,-0.030338536,0.996513239881,-10.474069907068,0.012036791
4153000000.000000,0.042241851,-0.042241851,-0.029967626,0.996555794533,-10.494752058704,0.012274225
4154000000.000000,0.044042217,-0.044042217,-0.029557932,0.996602800927,-10.515434210341,0.014484285
4155000000.000000,0.037545003,-0.037545003,-0.029109414,0.996654264325,-10.536116361977,0.008435589
4156000000.000000,0.032536521,-0.032536521,-0.028622069,0.996710185899,-10.556798513613,0.003914452
4157000000.000000,0.041766437,-0.041766437,-0.028095927,0.996770562711,-10.577480665249,0.013670510
4158000000.000000,0.030878011,-0.030878011,-0.027531059,0.996835387702,-10.598162816885,0.003346952
4159000000.000000,0.036729154,-0.036729154,-0.026927568,0.996904649683,-10.618844968521,0.009801586
4160000000.000000,0.038330916,-0.038330916,-0.026285596,0.996978333322,-10.639527120157,0.012045320
4161000000.000000,0.036513122,-0.036513122,-0.025605323,0.997056419147,-10.660209271794,0.010907799
4162000000.000000,0.036623894,-0.036623894,-0.024886961,0.997138883540,-10.680891423430,0.011736933
4163000000.000000,0.035591681,-0.035591681,-0.024130763,0.997225698747,-10.701573575066,0.011460918
4164000000.000000,0.023318346,-0.023318346,-0.023337016,0.997316832876,-10.722255726702,-0.000018670
4165000000.000000,0.023089657,-0.023089657,-0.022506044,0.997412249916,-10.742937878338,0.000583613
4166000000.000000,0.018402256,-0.018402256,-0.021638207,0.997511909744,-10.763620029974,-0.003235951
4167000000.000000,0.025033588,-0.025033588,-0.020733902,0.997615768145,-10.784302181610,0.004299686
4168000000.000000,0.025122735,-0.025122735,-0.019793559,0.997723776832,-10.804984333247,0.005329176
4169000000.000000,0.023152717,-0.023152717,-0.018817646,0.997835883472,-10.825666484883,0.004335071
4170000000.000000,0.016279114,-0.016279114,-0.017806667,0.997952031709,-10.846348636519,-0.001527553
4171000000.000000,0.016029852,-0.016029852,-0.016761157,0.998072161200,-10.867030788155,-0.000731305
4172000000.000000,0.019869776,-0.019869776,-0.015681689,0.998196207646,-10.887712939791,0.004188087
4173000000.000000,0.015619637,-0.015619637,-0.014568869,0.998324102832,-10.908395091427,0.001050768
4174000000.000000,0.014160766,-0.014160766,-0.013423338,0.998455774669,-10.929077243063,0.000737428
4175000000.000000,0.016109576,-0.016109576,-0.012245768,0.998591147234,-10.949759394699,0.003863808
4176000000.000000,0.008244831,-0.008244831,-0.011036866,0.998730140827,-10.970441546336,-0.002792035
4177000000.000000,0.006161546,-0.006161546,-0.009797370,0.998872672013,-10.991123697972,-0.003635824
4178000000.000000,0.005135027,-0.005135027,-0.008528051,0.999018653684,-11.011805849608,-0.003393024
4179000000.000000,0.001183066,-0.001183066,-0.007229711,0.999167995116,-11.032488001244,-0.006046645
4180000000.000000,-0.004527514,0.004527514,-0.005903181,0.999320602028,-11.053170152880,-0.010430695
4181000000.000000,-0.004458415,0.004458415,-0.004549326,0.999476376649,-11.073852304516,-0.009007741
4182000000.000000,-0.002733130,0.002733130,-0.003169036,0.999635217788,-11.094534456152,-0.005902166
4183000000.000000,-0.000106496,0.000106496,-0.001763233,0.999797020902,-11.115216607788,-0.001869729
4184000000.000000,-0.007572027,0.007572027,-0.000332866,0.999961678173,-11.135898759425,-0.007904893
4185000000.000000,-0.016182886,0.016182886,0.001121090,1.000129078585,-11.156580911061,-0.015061796
4186000000.000000,-0.012379320,0.012379320,0.002597631,1.000299108006,-11.177263062697,-0.009781689
4187000000.000000,-0.016102012,0.016102012,0.004095728,1.000471649270,-11.197945214333,-0.012006284
4188000000.000000,-0.013662747,0.013662747,0.005614327,1.000646582265,-11.218627365969,-0.008048420
4189000000.000000,-0.019688007,0.019688007,0.007152352,1.000823784023,-11.239309517605,-0.012535655
4190000000.000000,-0.018305306,0.018305306,0.008708699,1.001003128815,-11.259991669241,-0.009596607
4191000000.000000,-0.014747344,0.014747344,0.010282246,1.001184488241,-11.280673820878,-0.004465098
4192000000.000000,-0.025820409,0.025820409,0.011871847,1.001367731334,-11.301355972514,-0.013948562
4193000000.000000,-0.028760382,0.028760382,0.013476335,1.001552724657,-11.322038124150,-0.015284047
4194000000.000000,-0.025694257,0.025694257,0.015094526,1.001739332411,-11.342720275786,-0.010599731
4195000000.000000,-0.026408814,0.026408814,0.016725214,1.001927416537,-11.363402427422,-0.009683600
4196000000.000000,-0.031419347,0.031419347,0.018367178,1.002116836828,-11.384084579058,-0.013052169
4197000000.000000,-0.036219486,0.036219486,0.020019177,1.002307451039,-11.404766730694,-0.016200309
4198000000.000000,-0.033497127,0.033497127,0.021679958,1.002499114998,-11.425448882330,-0.011817169
4199000000.000000,-0.041632709,0.041632709,0.023348250,1.002691682729,-11.446131033967,-0.018284459
4200000000.000000,-0.036965243,0.036965243,0.025022771,1.002885006563,-11.466813185603,-0.011942472
4201000000.000000,-0.043937635,0.043937635,0.026702223,1.003078937261,-11.487495337239,-0.017235412
4202000000.000000,-0.046352145,0.046352145,0.028385300,1.003273324136,-11.508177488875,-0.017966845
4203000000.000000,-0.051162284,0.051162284,0.030070684,1.003468015181,-11.528859640511,-0.021091600
4204000000.000000,-0.045004431,0.045004431,0.031757048,1.003662857186,-11.549541792147,-0.013247383
4205000000.000000,-0.051607587,0.051607587,0.033443055,1.003857695876,-11.570223943783,-0.018164532
4206000000.000000,-0.052611462,0.052611462,0.035127364,1.004052376034,-11.590906095420,-0.017484098
4207000000.000000,-0.061789906,0.061789906,0.036808626,1.004246741636,-11.611588247056,-0.024981280
4208000000.000000,-0.056171335,0.056171335,0.038485487,1.004440635980,-11.632270398692,-0.017685848
4209000000.000000,-0.057789257,0.057789257,0.040156591,1.004633901822,-11.652952550328,-0.017632666
4210000000.000000,-0.059803276,0.059803276,0.041820577,1.004826381515,-11.673634701964,-0.017982699
4211000000.000000,-0.059830597,0.059830597,0.043476086,1.005017917138,-11.694316853600,-0.016354511
4212000000.000000,-0.057501671,0.057501671,0.045121756,1.005208350640,-11.714999005236,-0.012379915
4213000000.000000,-0.062793381,0.062793381,0.046756227,1.005397523977,-11.735681156872,-0.016037154
4214000000.000000,-0.062133775,0.062133775,0.048378142,1.005585279249,-11.756363308509,-0.013755633
4215000000.000000,-0.072555769,0.072555769,0.049986146,1.005771458845,-11.777045460145,-0.022569623
4216000000.000000,-0.074871369,0.074871369,0.051578891,1.005955905581,-11.797727611781,-0.023292478
4217000000.000000,-0.068594833,0.068594833,0.053155032,1.006138462842,-11.818409763417,-0.015439801
4218000000.000000,-0.064564273,0.064564273,0.054713233,1.006318974725,-11.839091915053,-0.009851040
4219000000.000000,-0.075444416,0.075444416,0.056252165,1.006497286180,-11.859774066689,-0.019192251
4220000000.000000,-0.074799665,0.074799665,0.057770509,1.006673243157,-11.880456218325,-0.017029156
4221000000.000000,-0.080607198,0.080607198,0.059266957,1.006846692741,-11.901138369962,-0.021340241
4222000000.000000,-0.081811815,0.081811815,0.060740212,1.007017483304,-11.921820521598,-0.021071603
4223000000.000000,-0.079249950,0.079249950,0.062188991,1.007185464641,-11.942502673234,-0.017060959
4224000000.000000,-0.080532127,0.080532127,0.063612024,1.007350488115,-11.963184824870,-0.016920103
4225000000.000000,-0.079595971,0.079595971,0.065008058,1.007512406802,-11.983866976506,-0.014587913
4226000000.000000,-0.074309068,0.074309068,0.066375853,1.007671075626,-12.004549128142,-0.007933215
4227000000.000000,-0.086260803,0.086260803,0.067714192,1.007826351509,-12.025231279778,-0.018546611
4228000000.000000,-0.089345580,0.089345580,0.069021873,1.007978093503,-12.045913431414,-0.020323707
4229000000.000000,-0.079589750,0.079589750,0.070297714,1.008126162936,-12.066595583051,-0.009292036
4230000000.000000,-0.084776979,0.084776979,0.071540557,1.008270423548,-12.087277734687,-0.013236422
4231000000.000000,-0.081145665,0.081145665,0.072749263,1.008410741630,-12.107959886323,-0.008396402
4232000000.000000,-0.081377478,0.081377478,0.073922718,1.008546986160,-12.128642037959,-0.007454760
4233000000.000000,-0.086377136,0.086377136,0.075059833,1.008679028938,-12.149324189595,-0.011317303
4234000000.000000,-0.092494795,0.092494795,0.076159544,1.008806744722,-12.170006341231,-0.016335251
4235000000.000000,-0.088254343,0.088254343,0.077220813,1.008930011359,-12.190688492867,-0.011033530
4236000000.000000,-0.094519844,0.094519844,0.078242630,1.009048709914,-12.211370644504,-0.016277214
4237000000.000000,-0.092163863,0.092163863,0.079224014,1.009162724805,-12.232052796140,-0.012939849
4238000000.000000,-0.092447077,0.092447077,0.080164015,1.009271943923,-12.252734947776,-0.012283062
4239000000.000000,-0.088566078,0.088566078,0.081061712,1.009376258763,-12.273417099412,-0.007504366
4240000000.000000,-0.093677309,0.093677309,0.081916217,1.009475564545,-12.294099251048,-0.011761092
4241000000.000000,-0.098580055,0.098580055,0.082726673,1.009569760335,-12.314781402684,-0.015853382
4242000000.000000,-0.091779087,0.091779087,0.083492260,1.009658749163,-12.335463554320,-0.008286827
4243000000.000000,-0.094993313,0.094993313,0.084212189,1.009742438141,-12.356145705956,-0.010781124
4244000000.000000,-0.086418635,0.086418635,0.084885710,1.009820738576,-12.376827857593,-0.001532925
4245000000.000000,-0.095393352,0.095393352,0.085512107,1.009893566081,-12.397510009229,-0.009881245
4246000000.000000,-0.101457480,0.101457480,0.086090703,1.009960840682,-12.418192160865,-0.015366777
4247000000.000000,-0.098796375,0.098796375,0.086620859,1.010022486927,-12.438874312501,-0.012175516
4248000000.000000,-0.094229153,0.094229153,0.087101973,1.010078433982,-12.459556464137,-0.007127180
4249000000.000000,-0.100060215,0.100060215,0.087533487,1.010128615739,-12.480238615773,-0.012526728
4250000000.000000,-0.087195771,0.087195771,0.087914879,1.010172970905,-12.500920767409,0.000719108
4251000000.000000,-0.088666277,0.088666277,0.088245673,1.010211443096,-12.521602919046,-0.000420604
4252000000.000000,-0.090032320,0.090032320,0.088525432,1.010243980931,-12.542285070682,-0.001506888
4253000000.000000,-0.095659672,0.095659672,0.088753762,1.010270538110,-12.562967222318,-0.006905910
4254000000.000000,-0.096155759,0.096155759,0.088930315,1.010291073506,-12.583649373954,-0.007225444
4255000000.000000,-0.094293276,0.094293276,0.089054785,1.010305551234,-12.604331525590,-0.005238491
4256000000.000000,-0.094311949,0.094311949,0.089126912,1.010313940732,-12.625013677226,-0.005185037
4257000000.000000,-0.094414276,0.094414276,0.089146480,1.010316216830,-12.645695828862,-0.005267796
4258000000.000000,-0.096120525,0.096120525,0.089113321,1.010312359817,-12.666377980498,-0.007007204
4259000000.000000,-0.087822493,0.087822493,0.089027311,1.010302355502,-12.687060132135,0.001204818
4260000000.000000,-0.086254621,0.086254621,0.088888375,1.010286195276,-12.707742283771,0.002633754
4261000000.000000,-0.088227192,0.088227192,0.088696485,1.010263876165,-12.728424435407,0.000469293
4262000000.000000,-0.084123663,0.084123663,0.088451662,1.010235400879,-12.749106587043,0.004327999
4263000000.000000,-0.080212399,0.080212399,0.088153972,1.010200777859,-12.769788738679,0.007941573
4264000000.000000,-0.082796756,0.082796756,0.087803532,1.010160021316,-12.790470890315,0.005006776
4265000000.000000,-0.087376879,0.087376879,0.087400510,1.010113151274,-12.811153041951,0.000023631
4266000000.000000,-0.086176309,0.086176309,0.086945119,1.010060193592,-12.831835193587,0.000768810
4267000000.000000,-0.078496541,0.078496541,0.086437624,1.010001180001,-12.852517345224,0.007941083
4268000000.000000,-0.078392311,0.078392311,0.085878339,1.009936148120,-12.873199496860,0.007486028
4269000000.000000,-0.078385506,0.078385506,0.085267630,1.009865141479,-12.893881648496,0.006882124
4270000000.000000,-0.083864897,0.083864897,0.084605910,1.009788209526,-12.914563800132,0.000741013
4271000000.000000,-0.078195396,0.078195396,0.083893644,1.009705407642,-12.935245951768,0.005698248
4272000000.000000,-0.074233724,0.074233724,0.083131348,1.009616797138,-12.955928103404,0.008897624
4273000000.000000,-0.078309785,0.078309785,0.082319586,1.009522445255,-12.976610255040,0.004009801
4274000000.000000,-0.073810686,0.073810686,0.081458974,1.009422425160,-12.997292406677,0.007648288
4275000000.000000,-0.070645816,0.070645816,0.080550179,1.009316815928,-13.017974558313,0.009904363
4276000000.000000,-0.071487371,0.071487371,0.079593917,1.009205702531,-13.038656709949,0.008106546
4277000000.000000,-0.073600426,0.073600426,0.078590953,1.009089175810,-13.059338861585,0.004990527
4278000000.000000,-0.068989875,0.068989875,0.077542104,1.008967332451,-13.080021013221,0.008552229
4279000000.000000,-0.061905263,0.061905263,0.076448237,1.008840274952,-13.100703164857,0.014542974
4280000000.000000,-0.070034203,0.070034203,0.075310265,1.008708111581,-13.121385316493,0.005276062
4281000000.000000,-0.064830452,0.064830452,0.074129154,1.008570956337,-13.142067468130,0.009298702
4282000000.000000,-0.064211455,0.064211455,0.072905917,1.008428928900,-13.162749619766,0.008694462
4283000000.000000,-0.065939375,0.065939375,0.071641615,1.008282154575,-13.183431771402,0.005702240
4284000000.000000,-0.060189205,0.060189205,0.070337359,1.008130764235,-13.204113923038,0.010148154
4285000000.000000,-0.062418785,0.062418785,0.068994304,1.007974894256,-13.224796074674,0.006575519
4286000000.000000,-0.054996075,0.054996075,0.067613657,1.007814686444,-13.245478226310,0.012617582
4287000000.000000,-0.049623707,0.049623707,0.066196667,1.007650287965,-13.266160377946,0.016572960
4288000000.000000,-0.047508134,0.047508134,0.064744630,1.007481851260,-13.286842529582,0.017236496
4289000000.000000,-0.051940715,0.051940715,0.063258889,1.007309533959,-13.307524681219,0.011318174
4290000000.000000,-0.049499752,0.049499752,0.061740830,1.007133498796,-13.328206832855,0.012241078
4291000000.000000,-0.041127434,0.041127434,0.060191882,1.006953913503,-13.348888984491,0.019064448
4292000000.000000,-0.038078727,0.038078727,0.058613519,1.006770950716,-13.369571136127,0.020534792
4293000000.000000,-0.043422239,0.043422239,0.057007256,1.006584787866,-13.390253287763,0.013585017
4294000000.000000,-0.040189408,0.040189408,0.055374648,1.006395607064,-13.410935439399,0.015185240
4295000000.000000,-0.043170439,0.043170439,0.053717293,1.006203594990,-13.431617591035,0.010546854
4296000000.000000,-0.031594291,0.031594291,0.052036827,1.006008942764,-13.452299742671,0.020442536
4297000000.000000,-0.036028550,0.036028550,0.050334923,1.005811845824,-13.472981894308,0.014306373
4298000000.000000,-0.037880676,0.037880676,0.048613295,1.005612503791,-13.493664045944,0.010732619
4299000000.000000,-0.033296205,0.033296205,0.046873689,1.005411120335,-13.514346197580,0.013577484
4300000000.000000,-0.028966704,0.028966704,0.045117888,1.005207903027,-13.535028349216,0.016151184
4301000000.000000,-0.033677995,0.033677995,0.043347709,1.005003063200,-13.555710500852,0.009669714
4302000000.000000,-0.023021323,0.023021323,0.041565002,1.004796815792,-13.576392652488,0.018543679
4303000000.000000,-0.023962352,0.023962352,0.039771647,1.004589379191,-13.597074804124,0.015809295
4304000000.000000,-0.021405076,0.021405076,0.037969555,1.004380975077,-13.617756955761,0.016564479
4305000000.000000,-0.022117846,0.022117846,0.036160664,1.004171828253,-13.638439107397,0.014042818
4306000000.000000,-0.023407256,0.023407256,0.034346941,1.003962166479,-13.659121259033,0.010939685
4307000000.000000,-0.013748943,0.013748943,0.032530379,1.003752220295,-13.679803410669,0.018781436
4308000000.000000,-0.020301664,0.020301664,0.030712993,1.003542222846,-13.700485562305,0.010411329
4309000000.000000,-0.010091537,0.010091537,0.028896822,1.003332409698,-13.721167713941,0.018805285
4310000000.000000,-0.011242462,0.011242462,0.027083926,1.003123018651,-13.741849865577,0.015841464
4311000000.000000,-0.007731017,0.007731017,0.025276384,1.002914289554,-13.762532017213,0.017545367
4312000000.000000,-0.004735944,0.004735944,0.023476294,1.002706464103,-13.783214168850,0.018740350
4313000000.000000,-0.004589373,0.004589373,0.021685769,1.002499785652,-13.803896320486,0.017096396
4314000000.000000,-0.002331513,0.002331513,0.019906936,1.002294499006,-13.824578472122,0.017575423
4315000000.000000,-0.006676022,0.006676022,0.018141935,1.002090850219,-13.845260623758,0.011465913
4316000000.000000,-0.001067118,0.001067118,0.016392917,1.001889086389,-13.865942775394,0.015325799
4317000000.000000,-0.006716091,0.006716091,0.014662042,1.001689455442,-13.886624927030,0.007945951
4318000000.000000,0.002770834,-0.002770834,0.012951475,1.001492205922,-13.907307078666,0.015722309
4319000000.000000,0.004101135,-0.004101135,0.011263389,1.001297586774,-13.927989230303,0.015364524
4320000000.000000,-0.001428969,0.001428969,0.009599959,1.001105847122,-13.948671381939,0.008170990
4321000000.000000,0.003965474,-0.003965474,0.007963360,1.000917236052,-13.969353533575,0.011928834
4322000000.000000,0.004158725,-0.004158725,0.006355766,1.000732002385,-13.990035685211,0.010514491
4323000000.000000,0.007994656,-0.007994656,0.004779350,1.000550394449,-14.010717836847,0.012774006
4324000000.000000,-0.000486062,0.000486062,0.003236279,1.000372659855,-14.031399988483,0.002750217
4325000000.000000,0.008383864,-0.008383864,0.001728713,1.000199045261,-14.052082140119,0.010112577
4326000000.000000,0.015284531,-0.015284531,0.000258802,1.000029796147,-14.072764291755,0.015543333
4327000000.000000,0.006519964,-0.006519964,-0.001171314,0.999865156574,-14.093446443392,0.005348650
4328000000.000000,0.006823596,-0.006823596,-0.002559510,0.999705368955,-14.114128595028,0.004264086
4329000000.000000,0.007669434,-0.007669434,-0.003903675,0.999550673815,-14.134810746664,0.003765759
4330000000.000000,0.017071924,-0.017071924,-0.005201716,0.999401309556,-14.155492898300,0.011870208
4331000000.000000,0.014983404,-0.014983404,-0.006451562,0.999257512217,-14.176175049936,0.008531842
4332000000.000000,0.015585118,-0.015585118,-0.007651162,0.999119515240,-14.196857201572,0.007933956
4333000000.000000,0.019186829,-0.019186829,-0.008798490,0.998987549223,-14.217539353208,0.010388339
4334000000.000000,0.013790565,-0.013790565,-0.009891548,0.998861841690,-14.238221504845,0.003899017
4335000000.000000,0.016780919,-0.016780919,-0.010928363,0.998742616846,-14.258903656481,0.005852556
4336000000.000000,0.020440368,-0.020440368,-0.011906998,0.998630095338,-14.279585808117,0.008533370
4337000000.000000,0.018141062,-0.018141062,-0.012825547,0.998524494021,-14.300267959753,0.005315515
4338000000.000000,0.010109330,-0.010109330,-0.013682137,0.998426025715,-14.320950111389,-0.003572807
4339000000.000000,0.018342426,-0.018342426,-0.014474938,0.998334898969,-14.341632263025,0.003867488
4340000000.000000,0.014272051,-0.014272051,-0.015202156,0.998251317827,-14.362314414661,-0.000930105
4341000000.000000,0.015273318,-0.015273318,-0.015862040,0.998175481591,-14.382996566297,-0.000588722
4342000000.000000,0.019118502,-0.019118502,-0.016452884,0.998107584591,-14.403678717934,0.002665618
4343000000.000000,0.018863692,-0.018863692,-0.016973028,0.998047815946,-14.424360869570,0.001890664
4344000000.000000,0.017976869,-0.017976869,-0.017420860,0.997996359344,-14.445043021206,0.000556009
4345000000.000000,0.010995500,-0.010995500,-0.017794820,0.997953392805,-14.465725172842,-0.006799320
4346000000.000000,0.014085619,-0.014085619,-0.018093400,0.997919088465,-14.486407324478,-0.004007781
4347000000.000000,0.016579281,-0.016579281,-0.018315147,0.997893612344,-14.507089476114,-0.001735866
4348000000.000000,0.009588217,-0.009588217,-0.018458665,0.997877124134,-14.527771627750,-0.008870448
4349000000.000000,0.019879459,-0.019879459,-0.018522618,0.997869776979,-14.548453779387,0.001356841
4350000000.000000,0.015308642,-0.015308642,-0.018505729,0.997871717261,-14.569135931023,-0.003197087
4351000000.000000,0.016839937,-0.016839937,-0.018406785,0.997883084391,-14.589818082659,-0.001566848
4352000000.000000,0.011108380,-0.011108380,-0.018224639,0.997904010606,-14.610500234295,-0.007116259
4353000000.000000,0.007814992,-0.007814992,-0.017958208,0.997934620760,-14.631182385931,-0.010143216
4354000000.000000,0.012826255,-0.012826255,-0.017606480,0.997975032135,-14.651864537567,-0.004780225
4355000000.000000,0.009844584,-0.009844584,-0.017168512,0.998025354240,-14.672546689203,-0.007323928
4356000000.000000,0.013702874,-0.013702874,-0.016643433,0.998085688627,-14.693228840839,-0.002940559
4357000000.000000,0.005600147,-0.005600147,-0.016030446,0.998156128710,-14.713910992476,-0.010430299
4358000000.000000,0.009002306,-0.009002306,-0.015328830,0.998236759578,-14.734593144112,-0.006326524
4359000000.000000,0.003134515,-0.003134515,-0.014537939,0.998327657831,-14.755275295748,-0.011403424
4360000000.000000,0.007924571,-0.007924571,-0.013657207,0.998428891411,-14.775957447384,-0.005732636
4361000000.000000,-0.000732607,0.000732607,-0.012686147,0.998540519436,-14.796639599020,-0.013418754
4362000000.000000,0.004198440,-0.004198440,-0.011624353,0.998662592051,-14.817321750656,-0.007425913
4363000000.000000,-0.003142639,0.003142639,-0.010471501,0.998795150280,-14.838003902292,-0.013614140
4364000000.000000,-0.003044425,0.003044425,-0.009227352,0.998938225876,-14.858686053929,-0.012271777
4365000000.000000,-0.005868828,0.005868828,-0.007891751,0.999091841198,-14.879368205565,-0.013760579
4366000000.000000,0.000942050,-0.000942050,-0.006464628,0.999256009074,-14.900050357201,-0.005522578
4367000000.000000,-0.000066190,0.000066190,-0.004946001,0.999430732685,-14.920732508837,-0.005012191
4368000000.000000,-0.007102466,0.007102466,-0.003335975,0.999616005452,-14.941414660473,-0.010438441
4369000000.000000,-0.008746793,0.008746793,-0.001634743,0.999811810931,-14.962096812109,-0.010381536
4370000000.000000,-0.009390876,0.009390876,0.000157410,1.000018122715,-14.982778963745,-0.009233466
4371000000.000000,-0.013769768,0.013769768,0.002040114,1.000234904349,-15.003461115381,-0.011729654
4372000000.000000,-0.009081884,0.009081884,0.004012903,1.000462109246,-15.024143267018,-0.005068981
4373000000.000000,-0.020194038,0.020194038,0.006075224,1.000699680620,-15.044825418654,-0.014118814
4374000000.000000,-0.022362456,0.022362456,0.008226430,1.000947551422,-15.065507570290,-0.014136026
4375000000.000000,-0.025586535,0.025586535,0.010465785,1.001205644286,-15.086189721926,-0.015120750
4376000000.000000,-0.025679641,0.025679641,0.012792460,1.001473871490,-15.106871873562,-0.012887181
4377000000.000000,-0.028011594,0.028011594,0.015205533,1.001752134918,-15.127554025198,-0.012806061
4378000000.000000,-0.038325626,0.038325626,0.017703992,1.002040326038,-15.148236176834,-0.020621634
4379000000.000000,-0.035120053,0.035120053,0.020286731,1.002338325889,-15.168918328471,-0.014833322
4380000000.000000,-0.042751490,0.042751490,0.022952555,1.002646005078,-15.189600480107,-0.019798935
4381000000.000000,-0.035175766,0.035175766,0.025700176,1.002963223786,-15.210282631743,-0.009475590
4382000000.000000,-0.038968996,0.038968996,0.028528215,1.003289831785,-15.230964783379,-0.010440781
4383000000.000000,-0.048946471,0.048946471,0.031435204,1.003625668470,-15.251646935015,-0.017511267
4384000000.000000,-0.051910412,0.051910412,0.034419584,1.003970562896,-15.272329086651,-0.017490828
4385000000.000000,-0.050171078,0.050171078,0.037479707,1.004324333832,-15.293011238287,-0.012691371
4386000000.000000,-0.053430425,0.053430425,0.040613839,1.004686789820,-15.313693389923,-0.012816586
4387000000.000000,-0.052093868,0.052093868,0.043820156,1.005057729255,-15.334375541560,-0.008273712
4388000000.000000,-0.059798341,0.059798341,0.047096749,1.005436940464,-15.355057693196,-0.012701592
4389000000.000000,-0.061147016,0.061147016,0.050441625,1.005824201811,-15.375739844832,-0.010705391
4390000000.000000,-0.059103309,0.059103309,0.053852706,1.006219281804,-15.396421996468,-0.005250603
4391000000.000000,-0.064931737,0.064931737,0.057327831,1.006621939217,-15.417104148104,-0.007603906
4392000000.000000,-0.068114168,0.068114168,0.060864761,1.007031923229,-15.437786299740,-0.007249407
4393000000.000000,-0.076676762,0.076676762,0.064461174,1.007448973567,-15.458468451376,-0.012215588
4394000000.000000,-0.076243656,0.076243656,0.068114675,1.007872820673,-15.479150603012,-0.008128981
4395000000.000000,-0.084846412,0.084846412,0.071822788,1.008303185870,-15.499832754649,-0.013023624
4396000000.000000,-0.085685870,0.085685870,0.075582968,1.008739781557,-15.520514906285,-0.010102902
4397000000.000000,-0.087673105,0.087673105,0.079392595,1.009182311401,-15.541197057921,-0.008280510
4398000000.000000,-0.085608450,0.085608450,0.083248981,1.009630470558,-15.561879209557,-0.002359469
4399000000.000000,-0.092335035,0.092335035,0.087149371,1.010083945893,-15.582561361193,-0.005185664
4400000000.000000,-0.107006179,0.107006179,0.091090944,1.010542416225,-15.603243512829,-0.015915235
4401000000.000000,-0.101946646,0.101946646,0.095070816,1.011005552578,-15.623925664465,-0.006875830
4402000000.000000,-0.107845821,0.107845821,0.099086045,1.011473018452,-15.644607816102,-0.008759776
4403000000.000000,-0.110624155,0.110624155,0.103133630,1.011944470101,-15.665289967738,-0.007490525
4404000000.000000,-0.117814269,0.117814269,0.107210516,1.012419556831,-15.685972119374,-0.010603753
4405000000.000000,-0.111808303,0.111808303,0.111313597,1.012897921310,-15.706654271010,-0.000494706
4406000000.000000,-0.118364957,0.118364957,0.115439719,1.013379199887,-15.727336422646,-0.002925238
4407000000.000000,-0.122481020,0.122481020,0.119585680,1.013863022939,-15.748018574282,-0.002895340
4408000000.000000,-0.122997336,0.122997336,0.123748238,1.014349015211,-15.768700725918,0.000750902
4409000000.000000,-0.128602811,0.128602811,0.127924112,1.014836796194,-15.789382877554,-0.000678699
4410000000.000000,-0.135435221,0.135435221,0.132109984,1.015325980496,-15.810065029191,-0.003325237
4411000000.000000,-0.139475628,0.139475628,0.136302505,1.015816178246,-15.830747180827,-0.003173123
4412000000.000000,-0.154628570,0.154628570,0.140498299,1.016306995493,-15.851429332463,-0.014130271
4413000000.000000,-0.143812142,0.143812142,0.144693962,1.016798034639,-15.872111484099,0.000881820
4414000000.000000,-0.151834302,0.151834302,0.148886072,1.017288894870,-15.892793635735,-0.002948230
4415000000.000000,-0.154827077,0.154827077,0.153071188,1.017779172615,-15.913475787371,-0.001755889
4416000000.000000,-0.158167514,0.158167514,0.157245859,1.018268462007,-15.934157939007,-0.000921655
4417000000.000000,-0.156780958,0.156780958,0.161406621,1.018756355365,-15.954840090644,0.004625663
4418000000.000000,-0.166175595,0.166175595,0.165550009,1.019242443693,-15.975522242280,-0.000625586
4419000000.000000,-0.160907716,0.160907716,0.169672555,1.019726317185,-15.996204393916,0.008764839
4420000000.000000,-0.174196358,0.174196358,0.173770798,1.020207565755,-16.016886545552,-0.000425560
4421000000.000000,-0.171572491,0.171572491,0.177841282,1.020685779568,-16.037568697188,0.006268791
4422000000.000000,-0.181822961,0.181822961,0.181880568,1.021160549597,-16.058250848824,0.000057607
4423000000.000000,-0.184270040,0.184270040,0.185885231,1.021631468189,-16.078933000460,0.001615191
4424000000.000000,-0.189062901,0.189062901,0.189851871,1.022098129643,-16.099615152097,0.000788970
4425000000.000000,-0.192641923,0.192641923,0.193777115,1.022560130808,-16.120297303733,0.001135192
4426000000.000000,-0.192545971,0.192545971,0.197657622,1.023017071686,-16.140979455369,0.005111651
4427000000.000000,-0.196258036,0.196258036,0.201490088,1.023468556059,-16.161661607005,0.005232052
4428000000.000000,-0.198101621,0.198101621,0.205271253,1.023914192121,-16.182343758641,0.007169632
4429000000.000000,-0.198731758,0.198731758,0.208997903,1.024353593129,-16.203025910277,0.010266145
4430000000.000000,-0.204357996,0.204357996,0.212666879,1.024786378063,-16.223708061913,0.008308883
4431000000.000000,-0.210481123,0.210481123,0.216275078,1.025212172302,-16.244390213549,0.005793955
4432000000.000000,-0.211722449,0.211722449,0.219819464,1.025630608314,-16.265072365186,0.008097015
4433000000.000000,-0.213215178,0.213215178,0.223297068,1.026041326354,-16.285754516822,0.010081890
4434000000.000000,-0.216356172,0.216356172,0.226704998,1.026443975183,-16.306436668458,0.010348826
4435000000.000000,-0.221835866,0.221835866,0.230040443,1.026838212788,-16.327118820094,0.008204577
4436000000.000000,-0.230791296,0.230791296,0.233300677,1.027223707126,-16.347800971730,0.002509381
4437000000.000000,-0.230210300,0.230210300,0.236483069,1.027600136873,-16.368483123366,0.006272769
4438000000.000000,-0.230032916,0.230032916,0.239585085,1.027967192184,-16.389165275002,0.009552169
4439000000.000000,-0.234273549,0.234273549,0.242604299,1.028324575474,-16.409847426638,0.008330750
4440000000.000000,-0.232616575,0.232616575,0.245538392,1.028672002198,-16.430529578275,0.012921817
4441000000.000000,-0.237235809,0.237235809,0.248385167,1.029009201651,-16.451211729911,0.011149358
4442000000.000000,-0.231929904,0.231929904,0.251142547,1.029335917773,-16.471893881547,0.019212643
4443000000.000000,-0.247904023,0.247904023,0.253808589,1.029651909973,-16.492576033183,0.005904566
4444000000.000000,-0.241295196,0.241295196,0.256381483,1.029956953954,-16.513258184819,0.015086287
4445000000.000000,-0.243463611,0.243463611,0.258859567,1.030250842555,-16.533940336455,0.015395956
4446000000.000000,-0.254938235,0.254938235,0.261241327,1.030533386596,-16.554622488091,0.006303092
4447000000.000000,-0.250651453,0.250651453,0.263525406,1.030804415742,-16.575304639728,0.012873953
4448000000.000000,-0.256814992,0.256814992,0.265710613,1.031063779370,-16.595986791364,0.008895621
4449000000.000000,-0.257584430,0.257584430,0.267795926,1.031311347442,-16.616668943000,0.010211496
4450000000.000000,-0.254530734,0.254530734,0.269780503,1.031547011395,-16.637351094636,0.015249769
4451000000.000000,-0.266732318,0.266732318,0.271663688,1.031770685034,-16.658033246272,0.004931370
4452000000.000000,-0.265486368,0.265486368,0.273445017,1.031982305432,-16.678715397908,0.007958649
4453000000.000000,-0.267842063,0.267842063,0.275124226,1.032181833841,-16.699397549544,0.007282163
4454000000.000000,-0.265184196,0.265184196,0.276701260,1.032369256610,-16.720079701180,0.011517064
4455000000.000000,-0.267652221,0.267652221,0.278176278,1.032544586105,-16.740761852817,0.010524057
4456000000.000000,-0.274100311,0.274100311,0.279549663,1.032707861641,-16.761444004453,0.005449352
4457000000.000000,-0.273092308,0.273092308,0.280822028,1.032859150418,-16.782126156089,0.007729720
4458000000.000000,-0.270613234,0.270613234,0.281994225,1.032998548461,-16.802808307725,0.011380991
4459000000.000000,-0.273300755,0.273300755,0.283067352,1.033126181571,-16.823490459361,0.009766597
4460000000.000000,-0.278784819,0.278784819,0.284042762,1.033242206273,-16.844172610997,0.005257943
4461000000.000000,-0.281406081,0.281406081,0.284922069,1.033346810770,-16.864854762633,0.003515988
4462000000.000000,-0.280463892,0.280463892,0.285707159,1.033440215910,-16.885536914269,0.005243267
4463000000.000000,-0.281934491,0.281934491,0.286400195,1.033522676145,-16.906219065906,0.004465704
4464000000.000000,-0.284625961,0.284625961,0.287003630,1.033594480496,-16.926901217542,0.002377669
4465000000.000000,-0.288176692,0.288176692,0.287520207,1.033655953528,-16.947583369178,-0.000656485
4466000000.000000,-0.282896151,0.282896151,0.287952979,1.033707456315,-16.968265520814,0.005056828
4467000000.000000,-0.286767568,0.286767568,0.288305304,1.033749387419,-16.988947672450,0.001537736
4468000000.000000,-0.284688273,0.284688273,0.288580866,1.033782183860,-17.009629824086,0.003892593
4469000000.000000,-0.288037568,0.288037568,0.288783674,1.033806322092,-17.030311975722,0.000746106
4470000000.000000,-0.293868950,0.293868950,0.288918077,1.033822318980,-17.050994127359,-0.004950873
4471000000.000000,-0.295436528,0.295436528,0.288988767,1.033830732771,-17.071676278995,-0.006447761
4472000000.000000,-0.287923566,0.287923566,0.289000792,1.033832164072,-17.092358430631,0.001077226
4473000000.000000,-0.296834195,0.296834195,0.288959563,1.033827256821,-17.113040582267,-0.007874632
4474000000.000000,-0.297251955,0.297251955,0.288870861,1.033816699255,-17.133722733903,-0.008381094
4475000000.000000,-0.297156637,0.297156637,0.288740848,1.033801224885,-17.154404885539,-0.008415789
4476000000.000000,-0.288667716,0.288667716,0.288576073,1.033781613452,-17.175087037175,-0.000091643
4477000000.000000,-0.297665058,0.297665058,0.288383483,1.033758691898,-17.195769188812,-0.009281575
4478000000.000000,-0.295955364,0.295955364,0.288170428,1.033733335317,-17.216451340448,-0.007784936
4479000000.000000,-0.290213031,0.290213031,0.287944673,1.033706467912,-17.237133492084,-0.002268358
4480000000.000000,-0.288804151,0.288804151,0.287714404,1.033679063939,-17.257815643720,-0.001089747
4481000000.000000,-0.293412820,0.293412820,0.287488235,1.033652148656,-17.278497795356,-0.005924585
4482000000.000000,-0.293744964,0.293744964,0.287275218,1.033626799249,-17.299179946992,-0.006469746
4483000000.000000,-0.291811347,0.291811347,0.287084852,1.033604145769,-17.319862098628,-0.004726495
4484000000.000000,-0.296603664,0.296603664,0.286927086,1.033585372050,-17.340544250264,-0.009676578
4485000000.000000,-0.293933917,0.293933917,0.286812330,1.033571716623,-17.361226401901,-0.007121587
4486000000.000000,-0.288348544,0.288348544,0.286751461,1.033564473618,-17.381908553537,-0.001597083
4487000000.000000,-0.297206392,0.297206392,0.286755831,1.033564993662,-17.402590705173,-0.010450561
4488000000.000000,-0.301086364,0.301086364,0.286837273,1.033574684764,-17.423272856809,-0.014249091
4489000000.000000,-0.291624942,0.291624942,0.287008106,1.033595013189,-17.443955008445,-0.004616836
4490000000.000000,-0.298197507,0.298197507,0.287281143,1.033627504321,-17.464637160081,-0.010916364
4491000000.000000,-0.294267895,0.294267895,0.287669697,1.033673743517,-17.485319311717,-0.006598198
4492000000.000000,-0.297829175,0.297829175,0.288187583,1.033735376941,-17.506001463353,-0.009641592
4493000000.000000,-0.294906464,0.294906464,0.288849127,1.033814112400,-17.526683614990,-0.006057337
4494000000.000000,-0.294655652,0.294655652,0.289669168,1.033911720148,-17.547365766626,-0.004986484
4495000000.000000,-0.295354375,0.295354375,0.290663063,1.034030033688,-17.568047918262,-0.004691312
4496000000.000000,-0.289690894,0.289690894,0.291846689,1.034170950558,-17.588730069898,0.002155795
4497000000.000000,-0.296440335,0.296440335,0.293236448,1.034336433094,-17.609412221534,-0.003203887
4498000000.000000,-0.284206234,0.284206234,0.294849266,1.034528509188,-17.630094373170,0.010643032
4499000000.000000,-0.284695416,0.284695416,0.296702599,1.034749273021,-17.650776524806,0.012007183
4500000000.000000,-0.288464272,0.288464272,0.298814429,1.035000885778,-17.671458676443,0.010350157
