tone_index,freq_hz,input_amp,after_h1_amp,after_fir_amp,after_fir_fixed_amp,h1_delta_db,htotal_delta_db,htotal_fixed_delta_db,input_phase_rad,after_h1_phase_rad,after_fir_phase_rad,after_fir_fixed_phase_rad,h1_phase_delta_rad,h2_phase_delta_rad,h2_fixed_phase_delta_rad,htotal_phase_delta_rad,htotal_fixed_phase_delta_rad
0,5550292968.750000,4.449403363518e-02,4.404214248096e-02,4.437460830419e-02,4.436797184550e-02,-0.088666824,-0.023344925,-0.024644043,2.268595013539,2.572242627695,1.724909989986,1.724909989986,0.303647614156,-0.847332637708,-0.847332637708,-0.543685023553,-0.543685023553
1,5568237304.687500,4.449403363518e-02,4.441785838497e-02,4.442551717009e-02,4.441980615514e-02,-0.014883273,-0.013385731,-0.014502396,4.658935180710,4.786564951505,3.753668575363,3.753668575363,0.127629770796,-1.032896376143,-1.032896376143,-0.905266605347,-0.905266605347
2,5586181640.625000,4.449403363518e-02,4.478587460734e-02,4.451504928518e-02,4.451022844705e-02,0.056785621,0.004101595,0.003160890,3.370563754958,3.244794560160,2.026334445582,2.026334445582,-0.125769194799,-1.218460114577,-1.218460114577,-1.344229309376,-1.344229309376
3,5604125976.562500,4.449403363518e-02,4.510252113801e-02,4.461123882204e-02,4.460725158523e-02,0.117980799,0.022850094,0.022073737,3.809833755400,3.358981796905,1.954957943893,1.954957943893,-0.450851958495,-1.404023853012,-1.404023853012,-1.854875811507,-1.854875811507
4,5622070312.500000,4.449403363518e-02,4.527734272863e-02,4.463028310682e-02,4.462705612487e-02,0.151583039,0.026557259,0.025929205,1.511310953045,0.680811218399,-0.908776373048,-0.908776373048,-0.830499734647,-1.589587591446,-1.589587591446,-2.420087326093,-2.420087326093
5,5640380859.375000,4.449403363518e-02,4.533668953003e-02,4.459728886301e-02,4.459473790551e-02,0.162960523,0.020133586,0.019636741,-0.055675253351,-1.274579943170,-3.053518288121,-3.053518288121,-1.218904689819,-1.778938344951,-1.778938344951,-2.997843034770,-2.997843034770
6,5658325195.312500,4.449403363518e-02,4.534499253893e-02,4.457451999583e-02,4.457251705754e-02,0.164551120,0.015697927,0.015307621,-0.424809462711,-1.988104303858,-3.952606387244,-3.952606387244,-1.563294841147,-1.964502083386,-1.964502083386,-3.527796924532,-3.527796924532
7,5676269531.250000,4.449403363518e-02,4.526301582420e-02,4.451298501109e-02,4.451141355270e-02,0.148834167,0.003698800,0.003392153,1.014999037219,-0.834759449586,-2.984825271406,-2.984825271406,-1.849758486805,-2.150065821820,-2.150065821820,-3.999824308625,-3.999824308625
8,5694213867.187500,4.449403363518e-02,4.513335971884e-02,4.444485313244e-02,4.444359581888e-02,0.123917695,-0.009606067,-0.009851788,1.087080426868,-0.963760373008,-3.299389933263,-3.299389933263,-2.050840799877,-2.335629560255,-2.335629560255,-4.386470360131,-4.386470360131
9,5712158203.125000,4.449403363518e-02,4.493803086483e-02,4.434203666950e-02,4.434098347919e-02,0.086245188,-0.029722840,-0.029929146,3.661072358561,1.483776388111,-1.037416910579,-1.037416910579,-2.177295970450,-2.521193298689,-2.521193298689,-4.698489269139,-4.698489269139
10,5730102539.062500,4.449403363518e-02,4.488930338221e-02,4.440429523236e-02,4.440334299672e-02,0.076821741,-0.017535946,-0.017722214,4.345372812309,2.067282718133,-0.639474318991,-0.639474318991,-2.278090094175,-2.706757037124,-2.706757037124,-4.984847131299,-4.984847131299
11,5748046875.000000,4.449403363518e-02,4.473118570361e-02,4.437007039493e-02,4.436913676382e-02,0.046172631,-0.024233221,-0.024415990,5.161030562046,2.785899942907,-0.106420832651,-0.106420832651,-2.375130619139,-2.892320775558,-2.892320775558,-5.267451394697,-5.267451394697
12,5765991210.937500,4.449403363518e-02,4.465247066072e-02,4.441879198882e-02,4.441780771882e-02,0.030874300,-0.014700709,-0.014893181,8.081770881692,5.558266129676,2.480381615683,2.480381615683,-2.523504752016,-3.077884513993,-3.077884513993,-5.601389266009,-5.601389266009
13,5784301757.812500,4.449403363518e-02,4.456450406732e-02,4.445919503721e-02,4.445810885335e-02,0.013745982,-0.006803671,-0.007015878,7.238947620613,4.480266737555,1.213031470058,1.213031470058,-2.758680883058,-3.267235267498,-3.267235267498,-6.025916150555,-6.025916150555
14,5802246093.750000,4.449403363518e-02,4.453275678314e-02,4.454697866828e-02,4.454576118408e-02,0.007556040,0.010329504,0.010092113,7.687277240630,4.619040454582,1.166241448650,1.166241448650,-3.068236786048,-3.452799005932,-3.452799005932,-6.521035791980,-6.521035791980
15,5820190429.687500,4.449403363518e-02,4.448226234477e-02,4.460685707996e-02,4.460549782852e-02,-0.002298233,0.021996918,0.021732240,7.218316827308,3.776752187266,0.138389442899,0.138389442899,-3.441564640042,-3.638362744367,-3.638362744367,-7.079927384408,-7.079927384408
16,5838134765.625000,4.449403363518e-02,4.439258913128e-02,4.461620412186e-02,4.461471116709e-02,-0.019826069,0.023816793,0.023526139,8.640315577189,4.801887617140,0.977961134339,0.977961134339,-3.838427960049,-3.823926482801,-3.823926482801,-7.662354442851,-7.662354442851
17,5856079101.562500,4.449403363518e-02,4.430464891591e-02,4.461498820350e-02,4.461338421528e-02,-0.037049587,0.023580074,0.023267795,7.458273295933,3.246999733534,-0.762490487701,-0.762490487701,-4.211273562399,-4.009490221236,-4.009490221236,-8.220763783634,-8.220763783634
18,5874023437.500000,4.449403363518e-02,4.418546163840e-02,4.456967607722e-02,4.456799810012e-02,-0.060447641,0.014753979,0.014426963,10.458840681541,5.934229387369,1.739175427698,1.739175427698,-4.524611294173,-4.195053959670,-4.195053959670,-8.719665253843,-8.719665253843
19,5891967773.437500,4.449403363518e-02,4.407436163681e-02,4.452001841745e-02,4.451831203705e-02,-0.082314960,0.005071131,0.004738208,12.157275766047,7.408824241084,3.028206542980,3.028206542980,-4.748451524962,-4.380617698105,-4.380617698105,-9.129069223067,-9.129069223067
20,5909912109.375000,4.449403363518e-02,4.397602182608e-02,4.447113419484e-02,4.446945118564e-02,-0.101716785,-0.004471458,-0.004800182,10.629949338817,5.742968488742,1.176787052203,1.176787052203,-4.886980850075,-4.566181436539,-4.566181436539,-9.453162286614,-9.453162286614
21,5928222656.250000,4.449403363517e-02,4.385240205355e-02,4.438558146562e-02,4.438397978079e-02,-0.126167831,-0.021197302,-0.021510745,9.580146590979,4.617406051321,-0.138126138723,-0.138126138723,-4.962740539658,-4.755532190044,-4.755532190044,-9.718272729702,-9.718272729702
22,5946166992.187500,4.449403363517e-02,4.382689353624e-02,4.438690328769e-02,4.438543226402e-02,-0.131221799,-0.020938637,-0.021226500,9.005972773165,3.983115376217,-0.957980552261,-0.957980552261,-5.022857396947,-4.941095928479,-4.941095928479,-9.963953325426,-9.963953325426
23,5964111328.125000,4.449403363518e-02,4.379229571103e-02,4.436751079305e-02,4.436622013333e-02,-0.138081322,-0.024734303,-0.024986981,8.806421265984,3.697630126949,-1.429029539964,-1.429029539964,-5.108791139035,-5.126659666913,-5.126659666913,-10.235450805948,-10.235450805948
24,5982055664.062500,4.449403363518e-02,4.382806957101e-02,4.440762552299e-02,4.440655478760e-02,-0.130988728,-0.016884534,-0.017093967,11.771660686837,6.505831350267,1.193607944919,1.193607944919,-5.265829336570,-5.312223405348,-5.312223405348,-10.578052741917,-10.578052741917
25,6000000000.000000,4.449403363518e-02,4.388789166495e-02,4.445983948587e-02,4.445901919993e-02,-0.119141211,-0.006677767,-0.006838024,12.967399614754,7.458040802505,1.960253658723,1.960253658723,-5.509358812249,-5.497787143782,-5.497787143782,-11.007145956031,-11.007145956031
26,6017944335.937500,4.449403363517e-02,4.391124965275e-02,4.446229319565e-02,4.446174158446e-02,-0.114519642,-0.006198412,-0.006306172,14.797419521693,8.971208837780,3.287857955564,3.287857955564,-5.826210683912,-5.683350882217,-5.683350882217,-11.509561566129,-11.509561566129
27,6035888671.875000,4.449403363518e-02,4.403234002748e-02,4.455036701405e-02,4.455008536655e-02,-0.090600257,0.010990148,0.010935236,13.993733404913,7.797533373850,1.928618753198,1.928618753198,-6.196200031063,-5.868914620651,-5.868914620651,-12.065114651714,-12.065114651714
28,6053833007.812500,4.449403363518e-02,4.415049714312e-02,4.462181917885e-02,4.462179399070e-02,-0.067323612,0.024909864,0.024904961,12.430396187644,5.876505243717,-0.177973115369,-0.177973115369,-6.553890943927,-6.054478359086,-6.054478359086,-12.608369303012,-12.608369303012
29,6071777343.750000,4.449403363518e-02,4.418246285318e-02,4.459280308375e-02,4.459300333651e-02,-0.061037156,0.019259880,0.019298885,14.134672739343,7.270500728635,1.030458631115,1.030458631115,-6.864172010708,-6.240042097520,-6.240042097520,-13.104214108229,-13.104214108229
30,6090087890.625000,4.449403363518e-02,4.426433205565e-02,4.460004468844e-02,4.460042580498e-02,-0.044957273,0.020670302,0.020744524,15.979792242236,8.871621581873,2.442228730848,2.442228730848,-7.108170660362,-6.429392851025,-6.429392851025,-13.537563511387,-13.537563511387
31,6108032226.562500,4.449403363518e-02,4.431669138188e-02,4.456803753945e-02,4.456853193257e-02,-0.034688993,0.014434650,0.014531002,19.076568028772,11.804804422984,5.189847833525,5.189847833525,-7.271763605788,-6.614956589459,-6.614956589459,-13.886720195247,-13.886720195247
32,6125976562.500000,4.449403363518e-02,4.437240121861e-02,4.453096313700e-02,4.453149464113e-02,-0.023776950,0.007206192,0.007309862,17.677565449003,10.271115855091,3.470595527197,3.470595527197,-7.406449593912,-6.800520327894,-6.800520327894,-14.206969921806,-14.206969921806
33,6143920898.437500,4.449403363518e-02,4.443288487585e-02,4.449348108882e-02,4.449396361570e-02,-0.011945347,-0.000107866,-0.000013669,19.332096923962,11.803804246105,4.817720179776,4.817720179776,-7.528292677858,-6.986084066329,-6.986084066329,-14.514376744186,-14.514376744186
34,6161865234.375000,4.449403363517e-02,4.443425632066e-02,4.439576287671e-02,4.439610351403e-02,-0.011677257,-0.019205113,-0.019138469,21.553583206936,13.879408594208,6.707760789445,6.707760789445,-7.674174612728,-7.171647804763,-7.171647804763,-14.845822417491,-14.845822417491
35,6179809570.312500,4.449403363518e-02,4.453132848895e-02,4.439721151064e-02,4.439731654888e-02,0.007277454,-0.018921697,-0.018901148,21.773465138374,13.905887611262,6.548676068065,6.548676068065,-7.867577527112,-7.357211543198,-7.357211543198,-15.224789070310,-15.224789070310
36,6197753906.250000,4.449403363518e-02,4.460824290522e-02,4.438704964335e-02,4.438682672691e-02,0.022266763,-0.020909997,-0.020953619,22.205355656359,14.080627090455,6.537851808823,6.537851808823,-8.124728565904,-7.542775281632,-7.542775281632,-15.667503847536,-15.667503847536
37,6215698242.187500,4.449403363518e-02,4.471023726152e-02,4.441557766997e-02,4.441494153866e-02,0.042103915,-0.015329277,-0.015453679,20.657287119212,12.198419009992,4.470079989925,4.470079989925,-8.458868109221,-7.728339020067,-7.728339020067,-16.187207129287,-16.187207129287
38,6234008789.062500,4.449403363518e-02,4.481865853442e-02,4.446835774376e-02,4.446722451297e-02,0.063141495,-0.005013758,-0.005235112,23.205153734337,14.339196805311,6.421507031739,6.421507031739,-8.865956929026,-7.917689773571,-7.917689773571,-16.783646702598,-16.783646702598
39,6251953125.000000,4.449403363517e-02,4.491140909439e-02,4.453018689032e-02,4.452851039970e-02,0.081098050,0.007054781,0.006727765,22.709748416653,13.417593509500,5.314339997494,5.314339997494,-9.292154907153,-8.103253512006,-8.103253512006,-17.395408419159,-17.395408419159
40,6269897460.937500,4.449403363518e-02,4.492255060815e-02,4.453780409102e-02,4.453555450770e-02,0.083252557,0.008540437,0.008101705,22.325215790990,12.630355875717,4.341538625277,4.341538625277,-9.694859915272,-8.288817250440,-8.288817250440,-17.983677165713,-17.983677165713
41,6287841796.875000,4.449403363518e-02,4.492953766699e-02,4.456982569675e-02,4.456699720046e-02,0.084603417,0.014783138,0.014231895,20.389913616666,10.343534356285,1.869153367410,1.869153367410,-10.046379260381,-8.474380988875,-8.474380988875,-18.520760249256,-18.520760249256
42,6305786132.812500,4.449403363518e-02,4.481043579937e-02,4.450502570307e-02,4.450165080172e-02,0.061547777,0.002145548,0.001486856,22.785951315836,12.475658060832,3.815713333523,3.815713333523,-10.310293255004,-8.659944727310,-8.659944727310,-18.970237982314,-18.970237982314
43,6323730468.750000,4.449403363517e-02,4.474617501479e-02,4.452043578717e-02,4.451656685765e-02,0.049082763,0.005152560,0.004397703,24.831362469119,14.325356056484,5.479847590740,5.479847590740,-10.506006412635,-8.845508465744,-8.845508465744,-19.351514878379,-19.351514878379
44,6341674804.687500,4.449403363518e-02,4.461889752954e-02,4.449396299427e-02,4.448969406280e-02,0.024341130,-0.000013790,-0.000847190,23.548592097701,12.911330568741,3.880258364563,3.880258364563,-10.637261528960,-9.031072204179,-9.031072204179,-19.668333733138,-19.668333733138
45,6359619140.625000,4.449403363518e-02,4.448770725416e-02,4.447684514373e-02,4.447229763919e-02,-0.001235090,-0.003356095,-0.004244223,22.468765371567,11.718711377920,2.502075435307,2.502075435307,-10.750053993647,-9.216635942613,-9.216635942613,-19.966689936260,-19.966689936260
46,6377929687.500000,4.449403363518e-02,4.436203289781e-02,4.447098083069e-02,4.446630460788e-02,-0.025806785,-0.004501413,-0.005414801,20.846386628291,9.951656255273,0.545669559156,0.545669559156,-10.894730373017,-9.405986696118,-9.405986696118,-20.300717069135,-20.300717069135
47,6395874023.437500,4.449403363518e-02,4.423061136058e-02,4.444793608764e-02,4.444331635002e-02,-0.051576730,-0.009003584,-0.009906407,17.817161808037,13.004250168220,3.412699733668,3.412699733668,-11.096096946996,-9.591550434552,-9.591550434552,-20.687647381549,-20.687647381549
48,6413818359.375000,4.449403363518e-02,4.415976131357e-02,4.446276987369e-02,4.445840521410e-02,-0.065501229,-0.006105291,-0.006957978,20.407653926208,15.317986616672,5.540872443685,5.540872443685,-11.372852616715,-9.777114172987,-9.777114172987,-21.149966789702,-21.149966789702
49,6431762695.312500,4.449403363518e-02,4.412193206897e-02,4.447242995522e-02,4.446854325068e-02,-0.072945143,-0.004218380,-0.004977524,21.917789266074,16.495386604230,6.532708692809,6.532708692809,-11.705587969023,-9.962677911421,-9.962677911421,-21.668265880445,-21.668265880445
50,6449707031.250000,4.449403363518e-02,4.419569592497e-02,4.453960932980e-02,4.453643488678e-02,-0.058436038,0.008892492,0.008273406,23.292433593604,17.491610167015,7.343368517159,7.343368517159,-12.084008733768,-10.148241649856,-10.148241649856,-22.232250383624,-22.232250383624
