freq_hz,h1_db,h2_target_db,h2_actual_db,h2_actual_linear,h2_actual_phase_rad,htotal_actual_db
5500000000.000000,-0.224041708,0.224041708,0.258625670,1.030223099829,-0.327249234749,0.034583962
5501000000.000000,-0.220782209,0.220782209,0.255185598,1.029815157835,-0.337590310567,0.034403389
5502000000.000000,-0.209710513,0.209710513,0.251706566,1.029402759929,-0.347931386385,0.041996053
5503000000.000000,-0.216412114,0.216412114,0.248190201,1.028986104441,-0.358272462203,0.031778087
5504000000.000000,-0.225348950,0.225348950,0.244638110,1.028565387096,-0.368613538021,0.019289160
5505000000.000000,-0.217902067,0.217902067,0.241051883,1.028140801032,-0.378954613839,0.023149816
5506000000.000000,-0.213382924,0.213382924,0.237433088,1.027712536801,-0.389295689657,0.024050164
5507000000.000000,-0.217799039,0.217799039,0.233783275,1.027280782384,-0.399636765475,0.015984236
5508000000.000000,-0.208919327,0.208919327,0.230103972,1.026845723195,-0.409977841293,0.021184645
5509000000.000000,-0.208885617,0.208885617,0.226396692,1.026407542093,-0.420318917112,0.017511075
5510000000.000000,-0.200699081,0.200699081,0.222662925,1.025966419390,-0.430659992930,0.021963844
5511000000.000000,-0.214029436,0.214029436,0.218904143,1.025522532864,-0.441001068748,0.004874707
5512000000.000000,-0.204204167,0.204204167,0.215121800,1.025076057761,-0.451342144566,0.010917633
5513000000.000000,-0.217319934,0.217319934,0.211317330,1.024627166815,-0.461683220384,-0.006002604
5514000000.000000,-0.205735294,0.205735294,0.207492148,1.024176030251,-0.472024296202,0.001756854
5515000000.000000,-0.198163630,0.198163630,0.203647651,1.023722815797,-0.482365372020,0.005484021
5516000000.000000,-0.189176579,0.189176579,0.199785216,1.023267688697,-0.492706447838,0.010608637
5517000000.000000,-0.189280801,0.189280801,0.195906203,1.022810811719,-0.503047523656,0.006625402
5518000000.000000,-0.195930573,0.195930573,0.192011951,1.022352345167,-0.513388599474,-0.003918622
5519000000.000000,-0.194144892,0.194144892,0.188103783,1.021892446893,-0.523729675292,-0.006041109
5520000000.000000,-0.188330983,0.188330983,0.184183003,1.021431272307,-0.534070751110,-0.004147980
5521000000.000000,-0.172707176,0.172707176,0.180250895,1.020968974389,-0.544411826928,0.007543719
5522000000.000000,-0.183720623,0.183720623,0.176308727,1.020505703702,-0.554752902746,-0.007411896
5523000000.000000,-0.179556838,0.179556838,0.172357748,1.020041608401,-0.565093978564,-0.007199090
5524000000.000000,-0.180850229,0.180850229,0.168399187,1.019576834248,-0.575435054383,-0.012451042
5525000000.000000,-0.171142006,0.171142006,0.164434257,1.019111524622,-0.585776130201,-0.006707749
5526000000.000000,-0.167693870,0.167693870,0.160464153,1.018645820534,-0.596117206019,-0.007229717
5527000000.000000,-0.173326317,0.173326317,0.156490051,1.018179860636,-0.606458281837,-0.016836266
5528000000.000000,-0.167018284,0.167018284,0.152513110,1.017713781237,-0.616799357655,-0.014505174
5529000000.000000,-0.163438105,0.163438105,0.148534471,1.017247716315,-0.627140433473,-0.014903634
5530000000.000000,-0.165021024,0.165021024,0.144555257,1.016781797528,-0.637481509291,-0.020465767
5531000000.000000,-0.150649623,0.150649623,0.140576574,1.016316154229,-0.647822585109,-0.010073049
5532000000.000000,-0.155025762,0.155025762,0.136599509,1.015850913480,-0.658163660927,-0.018426253
5533000000.000000,-0.149165468,0.149165468,0.132625134,1.015386200065,-0.668504736745,-0.016540334
5534000000.000000,-0.144751707,0.144751707,0.128654500,1.014922136502,-0.678845812563,-0.016097207
5535000000.000000,-0.138976703,0.138976703,0.124688645,1.014458843058,-0.689186888381,-0.014288058
5536000000.000000,-0.138201756,0.138201756,0.120728586,1.013996437763,-0.699527964199,-0.017473170
5537000000.000000,-0.137332319,0.137332319,0.116775324,1.013535036424,-0.709869040017,-0.020556995
5538000000.000000,-0.137299717,0.137299717,0.112829844,1.013074752640,-0.720210115835,-0.024469873
5539000000.000000,-0.127511332,0.127511332,0.108893113,1.012615697812,-0.730551191654,-0.018618219
5540000000.000000,-0.115378430,0.115378430,0.104966080,1.012157981166,-0.740892267472,-0.010412350
5541000000.000000,-0.114474638,0.114474638,0.101049679,1.011701709757,-0.751233343290,-0.013424959
5542000000.000000,-0.112092585,0.112092585,0.097144826,1.011246988493,-0.761574419108,-0.014947759
5543000000.000000,-0.119790861,0.119790861,0.093252420,1.010793920143,-0.771915494926,-0.026538441
5544000000.000000,-0.115536989,0.115536989,0.089373345,1.010342605355,-0.782256570744,-0.026163644
5545000000.000000,-0.107809938,0.107809938,0.085508466,1.009893142672,-0.792597646562,-0.022301472
5546000000.000000,-0.092812232,0.092812232,0.081658633,1.009445628545,-0.802938722380,-0.011153599
5547000000.000000,-0.089529453,0.089529453,0.077824679,1.009000157348,-0.813279798198,-0.011704774
5548000000.000000,-0.089364635,0.089364635,0.074007422,1.008556821396,-0.823620874016,-0.015357213
5549000000.000000,-0.091238702,0.091238702,0.070207661,1.008115710956,-0.833961949834,-0.021031041
5550000000.000000,-0.095217257,0.095217257,0.066426181,1.007676914269,-0.844303025652,-0.028791076
5551000000.000000,-0.072878763,0.072878763,0.062663750,1.007240517558,-0.854644101470,-0.010215013
5552000000.000000,-0.086084938,0.086084938,0.058921121,1.006806605049,-0.864985177288,-0.027163817
5553000000.000000,-0.078816494,0.078816494,0.055199028,1.006375258986,-0.875326253106,-0.023617466
5554000000.000000,-0.074858349,0.074858349,0.051498194,1.005946559646,-0.885667328925,-0.023360155
5555000000.000000,-0.062495711,0.062495711,0.047819321,1.005520585354,-0.896008404743,-0.014676390
5556000000.000000,-0.065134578,0.065134578,0.044163099,1.005097412501,-0.906349480561,-0.020971479
5557000000.000000,-0.057923808,0.057923808,0.040530201,1.004677115559,-0.916690556379,-0.017393607
5558000000.000000,-0.057268191,0.057268191,0.036921285,1.004259767097,-0.927031632197,-0.020346906
5559000000.000000,-0.043330720,0.043330720,0.033336992,1.003845437799,-0.937372708015,-0.009993728
5560000000.000000,-0.054663864,0.054663864,0.029777949,1.003434196479,-0.947713783833,-0.024885915
5561000000.000000,-0.048243050,0.048243050,0.026244769,1.003026110095,-0.958054859651,-0.021998281
5562000000.000000,-0.043219817,0.043219817,0.022738046,1.002621243772,-0.968395935469,-0.020481771
5563000000.000000,-0.035291015,0.035291015,0.019258363,1.002219660811,-0.978737011287,-0.016032652
5564000000.000000,-0.038233186,0.038233186,0.015806286,1.001821422710,-0.989078087105,-0.022426900
5565000000.000000,-0.039202878,0.039202878,0.012382366,1.001426589181,-0.999419162923,-0.026820512
5566000000.000000,-0.018875398,0.018875398,0.008987140,1.001035218164,-1.009760238741,-0.009888258
5567000000.000000,-0.012650817,0.012650817,0.005621129,1.000647365846,-1.020101314559,-0.007029688
5568000000.000000,-0.018132224,0.018132224,0.002284841,1.000263086677,-1.030442390377,-0.015847383
5569000000.000000,-0.004449393,0.004449393,-0.001021231,0.999882433385,-1.040783466196,-0.005470624
5570000000.000000,-0.007497204,0.007497204,-0.004296608,0.999505456997,-1.051124542014,-0.011793812
5571000000.000000,0.002016658,-0.002016658,-0.007540828,0.999132206853,-1.061465617832,-0.005524170
5572000000.000000,-0.000157004,0.000157004,-0.010753439,0.998762730623,-1.071806693650,-0.010910443
5573000000.000000,0.008887621,-0.008887621,-0.013934006,0.998397074325,-1.082147769468,-0.005046385
5574000000.000000,0.005917295,-0.005917295,-0.017082107,0.998035282342,-1.092488845286,-0.011164812
5575000000.000000,0.013095840,-0.013095840,-0.020197334,0.997677397436,-1.102829921104,-0.007101494
5576000000.000000,0.012711697,-0.012711697,-0.023279292,0.997323460772,-1.113170996922,-0.010567595
5577000000.000000,0.028129967,-0.028129967,-0.026327602,0.996973511928,-1.123512072740,0.001802365
5578000000.000000,0.015409494,-0.015409494,-0.029341895,0.996627588916,-1.133853148558,-0.013932401
5579000000.000000,0.025087718,-0.025087718,-0.032321818,0.996285728198,-1.144194224376,-0.007234100
5580000000.000000,0.040612510,-0.040612510,-0.035267031,0.995947964703,-1.154535300194,0.005345479
5581000000.000000,0.045127643,-0.045127643,-0.038177207,0.995614331845,-1.164876376012,0.006950436
5582000000.000000,0.036271558,-0.036271558,-0.041052032,0.995284861539,-1.175217451830,-0.004780474
5583000000.000000,0.036983050,-0.036983050,-0.043891203,0.994959584220,-1.185558527648,-0.006908153
5584000000.000000,0.056531125,-0.056531125,-0.046694434,0.994638528859,-1.195899603467,0.009836691
5585000000.000000,0.044922687,-0.044922687,-0.049461449,0.994321722980,-1.206240679285,-0.004538762
5586000000.000000,0.057509283,-0.057509283,-0.052191984,0.994009192676,-1.216581755103,0.005317299
5587000000.000000,0.053524502,-0.053524502,-0.054885789,0.993700962631,-1.226922830921,-0.001361287
5588000000.000000,0.056570938,-0.056570938,-0.057542627,0.993397056133,-1.237263906739,-0.000971689
5589000000.000000,0.060832284,-0.060832284,-0.060162271,0.993097495090,-1.247604982557,0.000670013
5590000000.000000,0.065814988,-0.065814988,-0.062744507,0.992802300053,-1.257946058375,0.003070481
5591000000.000000,0.080562647,-0.080562647,-0.065289135,0.992511490227,-1.268287134193,0.015273512
5592000000.000000,0.077206189,-0.077206189,-0.067795964,0.992225083493,-1.278628210011,0.009410225
5593000000.000000,0.082422258,-0.082422258,-0.070264815,0.991943096421,-1.288969285829,0.012157443
5594000000.000000,0.074853829,-0.074853829,-0.072695524,0.991665544291,-1.299310361647,0.002158305
5595000000.000000,0.078556560,-0.078556560,-0.075087934,0.991392441107,-1.309651437465,0.003468626
5596000000.000000,0.082905667,-0.082905667,-0.077441903,0.991123799617,-1.319992513283,0.005463764
5597000000.000000,0.097265016,-0.097265016,-0.079757297,0.990859631328,-1.330333589101,0.017507719
5598000000.000000,0.095015371,-0.095015371,-0.082033996,0.990599946523,-1.340674664919,0.012981375
5599000000.000000,0.102958743,-0.102958743,-0.084271890,0.990344754280,-1.351015740738,0.018686853
5600000000.000000,0.095863284,-0.095863284,-0.086470878,0.990094062487,-1.361356816556,0.009392406
5601000000.000000,0.103378899,-0.103378899,-0.088630873,0.989847877860,-1.371697892374,0.014748026
5602000000.000000,0.111716618,-0.111716618,-0.090751797,0.989606205960,-1.382038968192,0.020964821
5603000000.000000,0.108208272,-0.108208272,-0.092833581,0.989369051210,-1.392380044010,0.015374691
5604000000.000000,0.118605676,-0.118605676,-0.094876170,0.989136416910,-1.402721119828,0.023729506
5605000000.000000,0.113644173,-0.113644173,-0.096879514,0.988908305258,-1.413062195646,0.016764659
5606000000.000000,0.107851979,-0.107851979,-0.098843578,0.988684717362,-1.423403271464,0.009008401
5607000000.000000,0.123544849,-0.123544849,-0.100768335,0.988465653261,-1.433744347282,0.022776514
5608000000.000000,0.117679221,-0.117679221,-0.102653767,0.988251111938,-1.444085423100,0.015025454
5609000000.000000,0.118027796,-0.118027796,-0.104499866,0.988041091340,-1.454426498918,0.013527930
5610000000.000000,0.119198941,-0.119198941,-0.106306634,0.987835588391,-1.464767574736,0.012892307
5611000000.000000,0.125260466,-0.125260466,-0.108074084,0.987634599013,-1.475108650554,0.017186382
5612000000.000000,0.120039026,-0.120039026,-0.109802234,0.987438118140,-1.485449726372,0.010236792
5613000000.000000,0.131427652,-0.131427652,-0.111491115,0.987246139732,-1.495790802190,0.019936537
5614000000.000000,0.124119422,-0.124119422,-0.113140765,0.987058656797,-1.506131878008,0.010978657
5615000000.000000,0.128223911,-0.128223911,-0.114751232,0.986875661403,-1.516472953827,0.013472679
5616000000.000000,0.137337122,-0.137337122,-0.116322571,0.986697144696,-1.526814029645,0.021014551
5617000000.000000,0.140131868,-0.140131868,-0.117854848,0.986523096917,-1.537155105463,0.022277020
5618000000.000000,0.154863310,-0.154863310,-0.119348135,0.986353507417,-1.547496181281,0.035515175
5619000000.000000,0.155710331,-0.155710331,-0.120802514,0.986188364670,-1.557837257099,0.034907817
5620000000.000000,0.138942326,-0.138942326,-0.122218074,0.986027656297,-1.568178332917,0.016724252
5621000000.000000,0.146322990,-0.146322990,-0.123594913,0.985871369074,-1.578519408735,0.022728077
5622000000.000000,0.151748281,-0.151748281,-0.124933136,0.985719488953,-1.588860484553,0.026815145
5623000000.000000,0.149397875,-0.149397875,-0.126232856,0.985572001076,-1.599201560371,0.023165019
5624000000.000000,0.160799541,-0.160799541,-0.127494194,0.985428889789,-1.609542636189,0.033305347
5625000000.000000,0.151136845,-0.151136845,-0.128717277,0.985290138661,-1.619883712007,0.022419568
5626000000.000000,0.146248404,-0.146248404,-0.129902242,0.985155730498,-1.630224787825,0.016346162
5627000000.000000,0.147540002,-0.147540002,-0.131049230,0.985025647358,-1.640565863643,0.016490772
5628000000.000000,0.152369922,-0.152369922,-0.132158392,0.984899870568,-1.650906939461,0.020211530
5629000000.000000,0.148925241,-0.148925241,-0.133229885,0.984778380737,-1.661248015280,0.015695356
5630000000.000000,0.154272641,-0.154272641,-0.134263870,0.984661157774,-1.671589091098,0.020008771
5631000000.000000,0.159034383,-0.159034383,-0.135260518,0.984548180902,-1.681930166916,0.023773865
5632000000.000000,0.156515581,-0.156515581,-0.136220006,0.984439428671,-1.692271242734,0.020295575
5633000000.000000,0.157828318,-0.157828318,-0.137142516,0.984334878978,-1.702612318552,0.020685802
5634000000.000000,0.158670544,-0.158670544,-0.138028237,0.984234509076,-1.712953394370,0.020642307
5635000000.000000,0.156767679,-0.156767679,-0.138877365,0.984138295594,-1.723294470188,0.017890314
5636000000.000000,0.150242428,-0.150242428,-0.139690099,0.984046214550,-1.733635546006,0.010552329
5637000000.000000,0.163385809,-0.163385809,-0.140466648,0.983958241362,-1.743976621824,0.022919161
5638000000.000000,0.164250621,-0.164250621,-0.141207223,0.983874350871,-1.754317697642,0.023043398
5639000000.000000,0.159091114,-0.159091114,-0.141912042,0.983794517345,-1.764658773460,0.017179072
5640000000.000000,0.168993025,-0.168993025,-0.142581328,0.983718714502,-1.774999849278,0.026411697
5641000000.000000,0.153144889,-0.153144889,-0.143215311,0.983646915520,-1.785340925096,0.009929578
5642000000.000000,0.161935228,-0.161935228,-0.143814224,0.983579093052,-1.795682000914,0.018121004
5643000000.000000,0.157832773,-0.157832773,-0.144378306,0.983515219241,-1.806023076732,0.013454467
5644000000.000000,0.162603290,-0.162603290,-0.144907800,0.983455265733,-1.816364152551,0.017695490
5645000000.000000,0.168823798,-0.168823798,-0.145402954,0.983399203691,-1.826705228369,0.023420844
5646000000.000000,0.160191657,-0.160191657,-0.145864023,0.983347003809,-1.837046304187,0.014327634
5647000000.000000,0.172418414,-0.172418414,-0.146291263,0.983298636324,-1.847387380005,0.026127151
5648000000.000000,0.158588712,-0.158588712,-0.146684936,0.983254071034,-1.857728455823,0.011903776
5649000000.000000,0.169471644,-0.169471644,-0.147045307,0.983213277308,-1.868069531641,0.022426337
5650000000.000000,0.170631963,-0.170631963,-0.147372649,0.983176224097,-1.878410607459,0.023259314
5651000000.000000,0.172328799,-0.172328799,-0.147667233,0.983142879955,-1.888751683277,0.024661566
5652000000.000000,0.162349328,-0.162349328,-0.147929339,0.983113213043,-1.899092759095,0.014419989
5653000000.000000,0.171617393,-0.171617393,-0.148159248,0.983087191149,-1.909433834913,0.023458145
5654000000.000000,0.172185676,-0.172185676,-0.148357244,0.983064781698,-1.919774910731,0.023828432
5655000000.000000,0.170948388,-0.170948388,-0.148523618,0.983045951764,-1.930115986549,0.022424770
5656000000.000000,0.155205629,-0.155205629,-0.148658661,0.983030668085,-1.940457062367,0.006546968
5657000000.000000,0.155164475,-0.155164475,-0.148762668,0.983018897074,-1.950798138185,0.006401807
5658000000.000000,0.164876221,-0.164876221,-0.148835938,0.983010604833,-1.961139214003,0.016040283
5659000000.000000,0.163876472,-0.163876472,-0.148878773,0.983005757161,-1.971480289821,0.014997699
5660000000.000000,0.156664153,-0.156664153,-0.148891475,0.983004319573,-1.981821365640,0.007772678
5661000000.000000,0.162038915,-0.162038915,-0.148874353,0.983006257306,-1.992162441458,0.013164562
5662000000.000000,0.157492277,-0.157492277,-0.148827717,0.983011535336,-2.002503517276,0.008664560
5663000000.000000,0.154408317,-0.154408317,-0.148751877,0.983020118385,-2.012844593094,0.005656440
5664000000.000000,0.157249059,-0.157249059,-0.148647149,0.983031970937,-2.023185668912,0.008601910
5665000000.000000,0.154871337,-0.154871337,-0.148513851,0.983047057247,-2.033526744730,0.006357486
5666000000.000000,0.148106782,-0.148106782,-0.148352300,0.983065341354,-2.043867820548,-0.000245518
5667000000.000000,0.152717768,-0.152717768,-0.148162818,0.983086787090,-2.054208896366,0.004554950
5668000000.000000,0.147454576,-0.147454576,-0.147945727,0.983111358096,-2.064549972184,-0.000491151
5669000000.000000,0.153861618,-0.153861618,-0.147701354,0.983139017828,-2.074891048002,0.006160264
5670000000.000000,0.154392462,-0.154392462,-0.147430025,0.983169729571,-2.085232123820,0.006962437
5671000000.000000,0.151851663,-0.151851663,-0.147132067,0.983203456448,-2.095573199638,0.004719596
5672000000.000000,0.150194859,-0.150194859,-0.146807811,0.983240161435,-2.105914275456,0.003387048
5673000000.000000,0.150392177,-0.150392177,-0.146457588,0.983279807364,-2.116255351274,0.003934589
5674000000.000000,0.147852636,-0.147852636,-0.146081731,0.983322356943,-2.126596427092,0.001770905
5675000000.000000,0.160286414,-0.160286414,-0.145680573,0.983367772758,-2.136937502911,0.014605841
5676000000.000000,0.149634536,-0.149634536,-0.145254449,0.983416017288,-2.147278578729,0.004380087
5677000000.000000,0.146664681,-0.146664681,-0.144803696,0.983467052915,-2.157619654547,0.001860985
5678000000.000000,0.147528088,-0.147528088,-0.144328649,0.983520841931,-2.167960730365,0.003199439
5679000000.000000,0.147800285,-0.147800285,-0.143829647,0.983577346553,-2.178301806183,0.003970638
5680000000.000000,0.134539184,-0.134539184,-0.143307028,0.983636528925,-2.188642882001,-0.008767844
5681000000.000000,0.147247529,-0.147247529,-0.142761131,0.983698351138,-2.198983957819,0.004486398
5682000000.000000,0.137585183,-0.137585183,-0.142192296,0.983762775230,-2.209325033637,-0.004607113
5683000000.000000,0.131551161,-0.131551161,-0.141600863,0.983829763200,-2.219666109455,-0.010049702
5684000000.000000,0.133227314,-0.133227314,-0.140987171,0.983899277018,-2.230007185273,-0.007759857
5685000000.000000,0.136130333,-0.136130333,-0.140351562,0.983971278632,-2.240348261091,-0.004221229
5686000000.000000,0.132074036,-0.132074036,-0.139694377,0.984045729976,-2.250689336909,-0.007620341
5687000000.000000,0.124051484,-0.124051484,-0.139015955,0.984122592984,-2.261030412727,-0.014964471
5688000000.000000,0.133322695,-0.133322695,-0.138316639,0.984201829594,-2.271371488545,-0.004993944
5689000000.000000,0.121987692,-0.121987692,-0.137596769,0.984283401755,-2.281712564363,-0.015609077
5690000000.000000,0.138213561,-0.138213561,-0.136856686,0.984367271444,-2.292053640182,0.001356875
5691000000.000000,0.127780173,-0.127780173,-0.136096729,0.984453400666,-2.302394716000,-0.008316556
5692000000.000000,0.125618489,-0.125618489,-0.135317240,0.984541751464,-2.312735791818,-0.009698751
5693000000.000000,0.122561309,-0.122561309,-0.134518558,0.984632285930,-2.323076867636,-0.011957249
5694000000.000000,0.123835894,-0.123835894,-0.133701021,0.984724966212,-2.333417943454,-0.009865127
5695000000.000000,0.124218372,-0.124218372,-0.132864969,0.984819754519,-2.343759019272,-0.008646597
5696000000.000000,0.126553546,-0.126553546,-0.132010740,0.984916613132,-2.354100095090,-0.005457194
5697000000.000000,0.113675192,-0.113675192,-0.131138671,0.985015504411,-2.364441170908,-0.017463479
5698000000.000000,0.120805193,-0.120805193,-0.130249098,0.985116390801,-2.374782246726,-0.009443905
5699000000.000000,0.128327600,-0.128327600,-0.129342357,0.985219234842,-2.385123322544,-0.001014757
5700000000.000000,0.111896917,-0.111896917,-0.128418783,0.985323999171,-2.395464398362,-0.016521866
5701000000.000000,0.107291415,-0.107291415,-0.127478709,0.985430646536,-2.405805474180,-0.020187294
5702000000.000000,0.110377786,-0.110377786,-0.126522469,0.985539139798,-2.416146549998,-0.016144683
5703000000.000000,0.118280607,-0.118280607,-0.125550393,0.985649441940,-2.426487625816,-0.007269786
5704000000.000000,0.108073062,-0.108073062,-0.124562812,0.985761516073,-2.436828701634,-0.016489750
5705000000.000000,0.110849065,-0.110849065,-0.123560056,0.985875325443,-2.447169777453,-0.012710991
5706000000.000000,0.113126063,-0.113126063,-0.122542452,0.985990833435,-2.457510853271,-0.009416389
5707000000.000000,0.100400720,-0.100400720,-0.121510326,0.986108003585,-2.467851929089,-0.021109606
5708000000.000000,0.095265550,-0.095265550,-0.120464004,0.986226799579,-2.478193004907,-0.025198454
5709000000.000000,0.100080762,-0.100080762,-0.119403809,0.986347185266,-2.488534080725,-0.019323047
5710000000.000000,0.100830502,-0.100830502,-0.118330062,0.986469124658,-2.498875156543,-0.017499560
5711000000.000000,0.092050814,-0.092050814,-0.117243085,0.986592581940,-2.509216232361,-0.025192271
5712000000.000000,0.083403561,-0.083403561,-0.116143196,0.986717521475,-2.519557308179,-0.032739635
5713000000.000000,0.101349838,-0.101349838,-0.115030712,0.986843907806,-2.529898383997,-0.013680874
5714000000.000000,0.093300770,-0.093300770,-0.113905949,0.986971705666,-2.540239459815,-0.020605179
5715000000.000000,0.084740830,-0.084740830,-0.112769219,0.987100879982,-2.550580535633,-0.028028389
5716000000.000000,0.092375853,-0.092375853,-0.111620834,0.987231395878,-2.560921611451,-0.019244981
5717000000.000000,0.085438045,-0.085438045,-0.110461104,0.987363218684,-2.571262687269,-0.025023059
5718000000.000000,0.093059347,-0.093059347,-0.109290336,0.987496313937,-2.581603763087,-0.016230989
5719000000.000000,0.088107730,-0.088107730,-0.108108837,0.987630647387,-2.591944838905,-0.020001107
5720000000.000000,0.077803476,-0.077803476,-0.106916909,0.987766185004,-2.602285914724,-0.029113433
5721000000.000000,0.092288190,-0.092288190,-0.105714856,0.987902892981,-2.612626990542,-0.013426666
5722000000.000000,0.092734615,-0.092734615,-0.104502974,0.988040737736,-2.622968066360,-0.011768359
5723000000.000000,0.092805935,-0.092805935,-0.103281564,0.988179685921,-2.633309142178,-0.010475629
5724000000.000000,0.081482874,-0.081482874,-0.102050918,0.988319704423,-2.643650217996,-0.020568044
5725000000.000000,0.074751608,-0.074751608,-0.100811330,0.988460760369,-2.653991293814,-0.026059722
5726000000.000000,0.070378318,-0.070378318,-0.099563091,0.988602821128,-2.664332369632,-0.029184773
5727000000.000000,0.072855554,-0.072855554,-0.098306489,0.988745854321,-2.674673445450,-0.025450935
5728000000.000000,0.070665643,-0.070665643,-0.097041809,0.988889827818,-2.685014521268,-0.026376166
5729000000.000000,0.075356209,-0.075356209,-0.095769335,0.989034709743,-2.695355597086,-0.020413126
5730000000.000000,0.077406719,-0.077406719,-0.094489349,0.989180468482,-2.705696672904,-0.017082630
5731000000.000000,0.071700108,-0.071700108,-0.093202128,0.989327072679,-2.716037748722,-0.021502020
5732000000.000000,0.078611600,-0.078611600,-0.091907949,0.989474491248,-2.726378824540,-0.013296349
5733000000.000000,0.065570013,-0.065570013,-0.090607086,0.989622693368,-2.736719900358,-0.025037073
5734000000.000000,0.065290166,-0.065290166,-0.089299810,0.989771648491,-2.747060976176,-0.024009644
5735000000.000000,0.060904002,-0.060904002,-0.087986389,0.989921326344,-2.757402051995,-0.027082387
5736000000.000000,0.069019649,-0.069019649,-0.086667089,0.990071696930,-2.767743127813,-0.017647440
5737000000.000000,0.069075470,-0.069075470,-0.085342173,0.990222730534,-2.778084203631,-0.016266703
5738000000.000000,0.048404354,-0.048404354,-0.084011903,0.990374397721,-2.788425279449,-0.035607549
5739000000.000000,0.065404031,-0.065404031,-0.082676537,0.990526669345,-2.798766355267,-0.017272506
5740000000.000000,0.058407886,-0.058407886,-0.081336329,0.990679516545,-2.809107431085,-0.022928443
5741000000.000000,0.059317919,-0.059317919,-0.079991533,0.990832910749,-2.819448506903,-0.020673614
5742000000.000000,0.054701344,-0.054701344,-0.078642399,0.990986823680,-2.829789582721,-0.023941055
5743000000.000000,0.049953604,-0.049953604,-0.077289173,0.991141227354,-2.840130658539,-0.027335569
5744000000.000000,0.050888379,-0.050888379,-0.075932101,0.991296094082,-2.850471734357,-0.025043722
5745000000.000000,0.052079675,-0.052079675,-0.074571424,0.991451396474,-2.860812810175,-0.022491749
5746000000.000000,0.060582022,-0.060582022,-0.073207381,0.991607107439,-2.871153885993,-0.012625359
5747000000.000000,0.045116854,-0.045116854,-0.071840209,0.991763200189,-2.881494961811,-0.026723355
5748000000.000000,0.046074873,-0.046074873,-0.070470140,0.991919648238,-2.891836037629,-0.024395267
5749000000.000000,0.048160129,-0.048160129,-0.069097407,0.992076425403,-2.902177113447,-0.020937278
5750000000.000000,0.043822957,-0.043822957,-0.067722235,0.992233505809,-2.912518189266,-0.023899278
5751000000.000000,0.041478164,-0.041478164,-0.066344851,0.992390863886,-2.922859265084,-0.024866687
5752000000.000000,0.053936203,-0.053936203,-0.064965477,0.992548474375,-2.933200340902,-0.011029274
5753000000.000000,0.048153576,-0.048153576,-0.063584331,0.992706312322,-2.943541416720,-0.015430755
5754000000.000000,0.040012434,-0.040012434,-0.062201631,0.992864353087,-2.953882492538,-0.022189197
5755000000.000000,0.046818899,-0.046818899,-0.060817589,0.993022572339,-2.964223568356,-0.013998690
5756000000.000000,0.039775315,-0.039775315,-0.059432417,0.993180946060,-2.974564644174,-0.019657102
5757000000.000000,0.038776558,-0.038776558,-0.058046323,0.993339450542,-2.984905719992,-0.019269765
5758000000.000000,0.039005692,-0.039005692,-0.056659511,0.993498062393,-2.995246795810,-0.017653819
5759000000.000000,0.031770242,-0.031770242,-0.055272184,0.993656758532,-3.005587871628,-0.023501942
5760000000.000000,0.041219075,-0.041219075,-0.053884540,0.993815516194,-3.015928947446,-0.012665465
5761000000.000000,0.039252537,-0.039252537,-0.052496777,0.993974312928,-3.026270023264,-0.013244240
5762000000.000000,0.036716317,-0.036716317,-0.051109087,0.994133126595,-3.036611099082,-0.014392770
5763000000.000000,0.027345407,-0.027345407,-0.049721662,0.994291935374,-3.046952174900,-0.022376255
5764000000.000000,0.038388582,-0.038388582,-0.048334689,0.994450717755,-3.057293250718,-0.009946107
5765000000.000000,0.041816847,-0.041816847,-0.046948353,0.994609452546,-3.067634326537,-0.005131506
5766000000.000000,0.030777211,-0.030777211,-0.045562836,0.994768118868,-3.077975402355,-0.014785625
5767000000.000000,0.030684082,-0.030684082,-0.044178317,0.994926696155,-3.088316478173,-0.013494235
5768000000.000000,0.035476640,-0.035476640,-0.042794973,0.995085164156,-3.098657553991,-0.007318333
5769000000.000000,0.030031467,-0.030031467,-0.041412977,0.995243502935,-3.108998629809,-0.011381510
5770000000.000000,0.037678121,-0.037678121,-0.040032500,0.995401692866,-3.119339705627,-0.002354379
5771000000.000000,0.031538016,-0.031538016,-0.038653709,0.995559714639,-3.129680781445,-0.007115693
5772000000.000000,0.026042868,-0.026042868,-0.037276770,0.995717549252,-3.140021857263,-0.011233902
5773000000.000000,0.036847422,-0.036847422,-0.035901844,0.995875178019,-3.150362933081,0.000945578
5774000000.000000,0.028309388,-0.028309388,-0.034529091,0.996032582561,-3.160704008899,-0.006219703
5775000000.000000,0.011065107,-0.011065107,-0.033158668,0.996189744809,-3.171045084717,-0.022093561
5776000000.000000,0.021595801,-0.021595801,-0.031790728,0.996346647004,-3.181386160535,-0.010194927
5777000000.000000,0.021074108,-0.021074108,-0.030425422,0.996503271695,-3.191727236353,-0.009351314
5778000000.000000,0.020291811,-0.020291811,-0.029062899,0.996659601735,-3.202068312171,-0.008771088
5779000000.000000,0.017864383,-0.017864383,-0.027703303,0.996815620286,-3.212409387989,-0.009838920
5780000000.000000,0.034251731,-0.034251731,-0.026346778,0.996971310813,-3.222750463808,0.007904953
5781000000.000000,0.027268047,-0.027268047,-0.024993464,0.997126657083,-3.233091539626,0.002274583
5782000000.000000,0.021344165,-0.021344165,-0.023643498,0.997281643167,-3.243432615444,-0.002299333
5783000000.000000,0.018486148,-0.018486148,-0.022297014,0.997436253434,-3.253773691262,-0.003810866
5784000000.000000,0.010971923,-0.010971923,-0.020954144,0.997590472554,-3.264114767080,-0.009982221
5785000000.000000,0.020161526,-0.020161526,-0.019615019,0.997744285493,-3.274455842898,0.000546507
5786000000.000000,0.015680255,-0.015680255,-0.018279763,0.997897677514,-3.284796918716,-0.002599508
5787000000.000000,0.016175314,-0.016175314,-0.016948501,0.998050634174,-3.295137994534,-0.000773187
5788000000.000000,0.020130282,-0.020130282,-0.015621355,0.998203141320,-3.305479070352,0.004508927
5789000000.000000,0.010539030,-0.010539030,-0.014298443,0.998355185093,-3.315820146170,-0.003759413
5790000000.000000,0.015969952,-0.015969952,-0.012979882,0.998506751923,-3.326161221988,0.002990070
5791000000.000000,0.008587542,-0.008587542,-0.011665784,0.998657828523,-3.336502297806,-0.003078242
5792000000.000000,0.010085481,-0.010085481,-0.010356261,0.998808401895,-3.346843373624,-0.000270780
5793000000.000000,0.020310825,-0.020310825,-0.009051422,0.998958459322,-3.357184449442,0.011259403
5794000000.000000,-0.004198249,0.004198249,-0.007751372,0.999107988370,-3.367525525260,-0.011949621
5795000000.000000,0.009986424,-0.009986424,-0.006456216,0.999256976882,-3.377866601079,0.003530208
5796000000.000000,0.008650864,-0.008650864,-0.005166053,0.999405412979,-3.388207676897,0.003484811
5797000000.000000,0.008562582,-0.008562582,-0.003880984,0.999553285054,-3.398548752715,0.004681598
5798000000.000000,0.002464995,-0.002464995,-0.002601103,0.999700581777,-3.408889828533,-0.000136108
5799000000.000000,0.010016496,-0.010016496,-0.001326505,0.999847292083,-3.419230904351,0.008689991
5800000000.000000,0.005024258,-0.005024258,-0.000057282,0.999993405179,-3.429571980169,0.004966976
5801000000.000000,0.002121447,-0.002121447,0.001206478,1.000138910535,-3.439913055987,0.003327925
5802000000.000000,0.007871937,-0.007871937,0.002464687,1.000283797884,-3.450254131805,0.010336624
5803000000.000000,0.006588222,-0.006588222,0.003717262,1.000428057220,-3.460595207623,0.010305484
5804000000.000000,0.002505185,-0.002505185,0.004964120,1.000571678794,-3.470936283441,0.007469305
5805000000.000000,0.006370381,-0.006370381,0.006205181,1.000714653114,-3.481277359259,0.012575562
5806000000.000000,-0.002871728,0.002871728,0.007440367,1.000856970940,-3.491618435077,0.004568639
5807000000.000000,0.006344572,-0.006344572,0.008669603,1.000998623281,-3.501959510895,0.015014175
5808000000.000000,-0.000647263,0.000647263,0.009892816,1.001139601395,-3.512300586713,0.009245553
5809000000.000000,-0.008224269,0.008224269,0.011109934,1.001279896785,-3.522641662531,0.002885665
5810000000.000000,-0.002969898,0.002969898,0.012320888,1.001419501195,-3.532982738350,0.009350990
5811000000.000000,-0.007974055,0.007974055,0.013525611,1.001558406608,-3.543323814168,0.005551556
5812000000.000000,-0.006919333,0.006919333,0.014724039,1.001696605245,-3.553664889986,0.007804706
5813000000.000000,-0.009271065,0.009271065,0.015916108,1.001834089560,-3.564005965804,0.006645043
5814000000.000000,-0.002410190,0.002410190,0.017101758,1.001970852237,-3.574347041622,0.014691568
5815000000.000000,0.002721467,-0.002721467,0.018280930,1.002106886189,-3.584688117440,0.021002397
5816000000.000000,-0.007158411,0.007158411,0.019453566,1.002242184554,-3.595029193258,0.012295155
5817000000.000000,-0.006456585,0.006456585,0.020619613,1.002376740691,-3.605370269076,0.014163028
5818000000.000000,-0.009491467,0.009491467,0.021779017,1.002510548179,-3.615711344894,0.012287550
5819000000.000000,-0.010225313,0.010225313,0.022931727,1.002643600813,-3.626052420712,0.012706414
5820000000.000000,-0.003075231,0.003075231,0.024077694,1.002775892602,-3.636393496530,0.021002463
5821000000.000000,0.001004229,-0.001004229,0.025216870,1.002907417763,-3.646734572348,0.026221099
5822000000.000000,-0.015530958,0.015530958,0.026349209,1.003038170721,-3.657075648166,0.010818251
5823000000.000000,-0.017960066,0.017960066,0.027474668,1.003168146106,-3.667416723984,0.009514602
5824000000.000000,-0.004164849,0.004164849,0.028593206,1.003297338748,-3.677757799802,0.024428357
5825000000.000000,-0.007540525,0.007540525,0.029704780,1.003425743674,-3.688098875621,0.022164255
5826000000.000000,-0.013439177,0.013439177,0.030809353,1.003553356107,-3.698439951439,0.017370176
5827000000.000000,-0.017360737,0.017360737,0.031906888,1.003680171460,-3.708781027257,0.014546151
5828000000.000000,-0.003220819,0.003220819,0.032997349,1.003806185335,-3.719122103075,0.029776530
5829000000.000000,0.000986441,-0.000986441,0.034080702,1.003931393521,-3.729463178893,0.035067143
5830000000.000000,-0.021690072,0.021690072,0.035156915,1.004055791985,-3.739804254711,0.013466843
5831000000.000000,-0.018760592,0.018760592,0.036225958,1.004179376877,-3.750145330529,0.017465366
5832000000.000000,-0.015621309,0.015621309,0.037287801,1.004302144519,-3.760486406347,0.021666492
5833000000.000000,-0.010283949,0.010283949,0.038342417,1.004424091408,-3.770827482165,0.028058468
5834000000.000000,-0.019302623,0.019302623,0.039389779,1.004545214209,-3.781168557983,0.020087156
5835000000.000000,-0.020116756,0.020116756,0.040429863,1.004665509753,-3.791509633801,0.020313107
5836000000.000000,-0.020139548,0.020139548,0.041462645,1.004784975035,-3.801850709619,0.021323097
5837000000.000000,-0.022019578,0.022019578,0.042488103,1.004903607206,-3.812191785437,0.020468525
5838000000.000000,-0.019882442,0.019882442,0.043506217,1.005021403577,-3.822532861255,0.023623775
5839000000.000000,-0.019464145,0.019464145,0.044516967,1.005138361610,-3.832873937073,0.025052822
5840000000.000000,-0.030161025,0.030161025,0.045520336,1.005254478919,-3.843215012892,0.015359311
5841000000.000000,-0.014709958,0.014709958,0.046516305,1.005369753260,-3.853556088710,0.031806347
5842000000.000000,-0.018489636,0.018489636,0.047504860,1.005484182537,-3.863897164528,0.029015224
5843000000.000000,-0.026042304,0.026042304,0.048485987,1.005597764792,-3.874238240346,0.022443683
5844000000.000000,-0.028217458,0.028217458,0.049459672,1.005710498204,-3.884579316164,0.021242214
5845000000.000000,-0.029237818,0.029237818,0.050425902,1.005822381085,-3.894920391982,0.021188084
5846000000.000000,-0.019928248,0.019928248,0.051384668,1.005933411878,-3.905261467800,0.031456420
5847000000.000000,-0.026338944,0.026338944,0.052335959,1.006043589153,-3.915602543618,0.025997015
5848000000.000000,-0.033757280,0.033757280,0.053279766,1.006152911605,-3.925943619436,0.019522486
5849000000.000000,-0.029063631,0.029063631,0.054216082,1.006261378048,-3.936284695254,0.025152451
5850000000.000000,-0.029954676,0.029954676,0.055144899,1.006368987414,-3.946625771072,0.025190223
5851000000.000000,-0.025741105,0.025741105,0.056066212,1.006475738750,-3.956966846890,0.030325107
5852000000.000000,-0.025747259,0.025747259,0.056980017,1.006581631212,-3.967307922708,0.031232758
5853000000.000000,-0.019050648,0.019050648,0.057886308,1.006686664068,-3.977648998526,0.038835660
5854000000.000000,-0.037993232,0.037993232,0.058785083,1.006790836687,-3.987990074344,0.020791851
5855000000.000000,-0.022734902,0.022734902,0.059676340,1.006894148542,-3.998331150163,0.036941438
5856000000.000000,-0.036766494,0.036766494,0.060560077,1.006996599203,-4.008672225981,0.023793583
5857000000.000000,-0.040346030,0.040346030,0.061436294,1.007098188335,-4.019013301799,0.021090264
5858000000.000000,-0.039042187,0.039042187,0.062304991,1.007198915699,-4.029354377617,0.023262804
5859000000.000000,-0.045741777,0.045741777,0.063166169,1.007298781140,-4.039695453435,0.017424392
5860000000.000000,-0.041473430,0.041473430,0.064019829,1.007397784593,-4.050036529253,0.022546399
5861000000.000000,-0.039776796,0.039776796,0.064865974,1.007495926075,-4.060377605071,0.025089178
5862000000.000000,-0.040610862,0.040610862,0.065704607,1.007593205682,-4.070718680889,0.025093745
5863000000.000000,-0.056376180,0.056376180,0.066535731,1.007689623590,-4.081059756707,0.010159551
5864000000.000000,-0.046326975,0.046326975,0.067359351,1.007785180045,-4.091400832525,0.021032376
5865000000.000000,-0.049151781,0.049151781,0.068175472,1.007879875367,-4.101741908343,0.019023691
5866000000.000000,-0.032571765,0.032571765,0.068984099,1.007973709943,-4.112082984161,0.036412334
5867000000.000000,-0.056196019,0.056196019,0.069785238,1.008066684227,-4.122424059979,0.013589219
5868000000.000000,-0.042457370,0.042457370,0.070578896,1.008158798733,-4.132765135797,0.028121526
5869000000.000000,-0.042097698,0.042097698,0.071365079,1.008250054035,-4.143106211615,0.029267381
5870000000.000000,-0.051326704,0.051326704,0.072143795,1.008340450765,-4.153447287434,0.020817091
5871000000.000000,-0.065287854,0.065287854,0.072915053,1.008429989607,-4.163788363252,0.007627199
5872000000.000000,-0.060962971,0.060962971,0.073678859,1.008518671297,-4.174129439070,0.012715888
5873000000.000000,-0.053500418,0.053500418,0.074435224,1.008606496619,-4.184470514888,0.020934806
5874000000.000000,-0.060404209,0.060404209,0.075184156,1.008693466403,-4.194811590706,0.014779947
5875000000.000000,-0.062257481,0.062257481,0.075925664,1.008779581520,-4.205152666524,0.013668183
5876000000.000000,-0.061091120,0.061091120,0.076659758,1.008864842883,-4.215493742342,0.015568638
5877000000.000000,-0.059914465,0.059914465,0.077386449,1.008949251441,-4.225834818160,0.017471984
5878000000.000000,-0.067727516,0.067727516,0.078105747,1.009032808179,-4.236175893978,0.010378231
5879000000.000000,-0.063055080,0.063055080,0.078817661,1.009115514113,-4.246516969796,0.015762581
5880000000.000000,-0.067395016,0.067395016,0.079522204,1.009197370289,-4.256858045614,0.012127188
5881000000.000000,-0.064248906,0.064248906,0.080219385,1.009278377780,-4.267199121432,0.015970479
5882000000.000000,-0.068159171,0.068159171,0.080909217,1.009358537684,-4.277540197250,0.012750046
5883000000.000000,-0.072190109,0.072190109,0.081591711,1.009437851120,-4.287881273068,0.009401602
5884000000.000000,-0.066655078,0.066655078,0.082266878,1.009516319229,-4.298222348886,0.015611800
5885000000.000000,-0.069568629,0.069568629,0.082934729,1.009593943165,-4.308563424704,0.013366100
5886000000.000000,-0.075903220,0.075903220,0.083595277,1.009670724101,-4.318904500523,0.007692057
5887000000.000000,-0.065443818,0.065443818,0.084248534,1.009746663221,-4.329245576341,0.018804716
5888000000.000000,-0.066589239,0.066589239,0.084894511,1.009821761718,-4.339586652159,0.018305272
5889000000.000000,-0.065974648,0.065974648,0.085533220,1.009896020795,-4.349927727977,0.019558572
5890000000.000000,-0.083559058,0.083559058,0.086164673,1.009969441661,-4.360268803795,0.002605615
5891000000.000000,-0.080591448,0.080591448,0.086788883,1.010042025525,-4.370609879613,0.006197435
5892000000.000000,-0.082372358,0.082372358,0.087405861,1.010113773601,-4.380950955431,0.005033503
5893000000.000000,-0.090834440,0.090834440,0.088015619,1.010184687102,-4.391292031249,-0.002818821
5894000000.000000,-0.083210572,0.083210572,0.088618170,1.010254767236,-4.401633107067,0.005407598
5895000000.000000,-0.079315753,0.079315753,0.089213524,1.010324015209,-4.411974182885,0.009897771
5896000000.000000,-0.087049552,0.087049552,0.089801694,1.010392432217,-4.422315258703,0.002752142
5897000000.000000,-0.092463165,0.092463165,0.090382692,1.010460019451,-4.432656334521,-0.002080473
5898000000.000000,-0.079603242,0.079603242,0.090956529,1.010526778088,-4.442997410339,0.011353287
5899000000.000000,-0.085939797,0.085939797,0.091523216,1.010592709294,-4.453338486157,0.005583419
5900000000.000000,-0.098522259,0.098522259,0.092082765,1.010657814222,-4.463679561975,-0.006439494
5901000000.000000,-0.088573474,0.088573474,0.092635186,1.010722094005,-4.474020637794,0.004061712
5902000000.000000,-0.093627816,0.093627816,0.093180492,1.010785549762,-4.484361713612,-0.000447324
5903000000.000000,-0.092127065,0.092127065,0.093718692,1.010848182590,-4.494702789430,0.001591627
5904000000.000000,-0.084685719,0.084685719,0.094249798,1.010909993567,-4.505043865248,0.009564079
5905000000.000000,-0.098227715,0.098227715,0.094773818,1.010970983745,-4.515384941066,-0.003453897
5906000000.000000,-0.110196961,0.110196961,0.095290765,1.011031154154,-4.525726016884,-0.014906196
5907000000.000000,-0.090352984,0.090352984,0.095800647,1.011090505798,-4.536067092702,0.005447663
5908000000.000000,-0.102464215,0.102464215,0.096303474,1.011149039651,-4.546408168520,-0.006160741
5909000000.000000,-0.103084803,0.103084803,0.096799256,1.011206756661,-4.556749244338,-0.006285547
5910000000.000000,-0.101584975,0.101584975,0.097288002,1.011263657744,-4.567090320156,-0.004296973
5911000000.000000,-0.100508309,0.100508309,0.097769719,1.011319743785,-4.577431395974,-0.002738590
5912000000.000000,-0.096711895,0.096711895,0.098244418,1.011375015635,-4.587772471792,0.001532523
5913000000.000000,-0.101623410,0.101623410,0.098712106,1.011429474113,-4.598113547610,-0.002911304
5914000000.000000,-0.099347718,0.099347718,0.099172790,1.011483119999,-4.608454623428,-0.000174928
5915000000.000000,-0.107148131,0.107148131,0.099626479,1.011535954040,-4.618795699246,-0.007521652
5916000000.000000,-0.110199807,0.110199807,0.100073179,1.011587976942,-4.629136775065,-0.010126628
5917000000.000000,-0.110170060,0.110170060,0.100512898,1.011639189374,-4.639477850883,-0.009657162
5918000000.000000,-0.111072435,0.111072435,0.100945642,1.011689591964,-4.649818926701,-0.010126793
5919000000.000000,-0.109530320,0.109530320,0.101371416,1.011739185300,-4.660160002519,-0.008158904
5920000000.000000,-0.097869436,0.097869436,0.101790228,1.011787969927,-4.670501078337,0.003920792
5921000000.000000,-0.109089197,0.109089197,0.102202081,1.011835946349,-4.680842154155,-0.006887116
5922000000.000000,-0.117543431,0.117543431,0.102606981,1.011883115024,-4.691183229973,-0.014936450
5923000000.000000,-0.110362649,0.110362649,0.103004932,1.011929476366,-4.701524305791,-0.007357717
5924000000.000000,-0.118991642,0.118991642,0.103395939,1.011975030745,-4.711865381609,-0.015595703
5925000000.000000,-0.113346748,0.113346748,0.103780005,1.012019778485,-4.722206457427,-0.009566743
5926000000.000000,-0.115586684,0.115586684,0.104157134,1.012063719861,-4.732547533245,-0.011429550
5927000000.000000,-0.115224060,0.115224060,0.104527328,1.012106855102,-4.742888609063,-0.010696732
5928000000.000000,-0.128370986,0.128370986,0.104890590,1.012149184391,-4.753229684881,-0.023480396
5929000000.000000,-0.118480494,0.118480494,0.105246921,1.012190707859,-4.763570760699,-0.013233573
5930000000.000000,-0.118141127,0.118141127,0.105596325,1.012231425591,-4.773911836517,-0.012544802
5931000000.000000,-0.118475960,0.118475960,0.105938800,1.012271337621,-4.784252912336,-0.012537160
5932000000.000000,-0.119775309,0.119775309,0.106274349,1.012310443932,-4.794593988154,-0.013500960
5933000000.000000,-0.139047734,0.139047734,0.106602972,1.012348744461,-4.804935063972,-0.032444762
5934000000.000000,-0.122541444,0.122541444,0.106924667,1.012386239091,-4.815276139790,-0.015616777
5935000000.000000,-0.122328384,0.122328384,0.107239435,1.012422927654,-4.825617215608,-0.015088949
5936000000.000000,-0.117700407,0.117700407,0.107547275,1.012458809933,-4.835958291426,-0.010153132
5937000000.000000,-0.136563256,0.136563256,0.107848185,1.012493885659,-4.846299367244,-0.028715071
5938000000.000000,-0.128323856,0.128323856,0.108142162,1.012528154511,-4.856640443062,-0.020181694
5939000000.000000,-0.113122937,0.113122937,0.108429205,1.012561616118,-4.866981518880,-0.004693732
5940000000.000000,-0.128041406,0.128041406,0.108709311,1.012594270057,-4.877322594698,-0.019332095
5941000000.000000,-0.136403457,0.136403457,0.108982475,1.012626115852,-4.887663670516,-0.027420982
5942000000.000000,-0.128869635,0.128869635,0.109248695,1.012657152978,-4.898004746334,-0.019620940
5943000000.000000,-0.128457306,0.128457306,0.109507965,1.012687380858,-4.908345822152,-0.018949341
5944000000.000000,-0.133784171,0.133784171,0.109760282,1.012716798863,-4.918686897970,-0.024023889
5945000000.000000,-0.128665206,0.128665206,0.110005639,1.012745406314,-4.929027973788,-0.018659567
5946000000.000000,-0.130434921,0.130434921,0.110244032,1.012773202480,-4.939369049607,-0.020190889
5947000000.000000,-0.135148052,0.135148052,0.110475454,1.012800186581,-4.949710125425,-0.024672598
5948000000.000000,-0.146584930,0.146584930,0.110699898,1.012826357786,-4.960051201243,-0.035885032
5949000000.000000,-0.132625539,0.132625539,0.110917358,1.012851715214,-4.970392277061,-0.021708181
5950000000.000000,-0.133344529,0.133344529,0.111127826,1.012876257935,-4.980733352879,-0.022216703
5951000000.000000,-0.130221842,0.130221842,0.111331294,1.012899984970,-4.991074428697,-0.018890548
5952000000.000000,-0.137629692,0.137629692,0.111527754,1.012922895290,-5.001415504515,-0.026101938
5953000000.000000,-0.142031361,0.142031361,0.111717197,1.012944987822,-5.011756580333,-0.030314164
5954000000.000000,-0.125571266,0.125571266,0.111899614,1.012966261440,-5.022097656151,-0.013671652
5955000000.000000,-0.133577624,0.133577624,0.112074995,1.012986714975,-5.032438731969,-0.021502629
5956000000.000000,-0.127988477,0.127988477,0.112243331,1.013006347212,-5.042779807787,-0.015745146
5957000000.000000,-0.130792749,0.130792749,0.112404610,1.013025156888,-5.053120883605,-0.018388139
5958000000.000000,-0.127063641,0.127063641,0.112558823,1.013043142697,-5.063461959423,-0.014504818
5959000000.000000,-0.131547592,0.131547592,0.112705958,1.013060303288,-5.073803035241,-0.018841634
5960000000.000000,-0.140295536,0.140295536,0.112846003,1.013076637268,-5.084144111059,-0.027449533
5961000000.000000,-0.143793043,0.143793043,0.112978946,1.013092143201,-5.094485186878,-0.030814097
5962000000.000000,-0.138478166,0.138478166,0.113104775,1.013106819608,-5.104826262696,-0.025373391
5963000000.000000,-0.137810848,0.137810848,0.113223478,1.013120664974,-5.115167338514,-0.024587370
5964000000.000000,-0.139687163,0.139687163,0.113335041,1.013133677738,-5.125508414332,-0.026352122
5965000000.000000,-0.125273398,0.125273398,0.113439451,1.013145856306,-5.135849490150,-0.011833947
5966000000.000000,-0.130609858,0.130609858,0.113536694,1.013157199043,-5.146190565968,-0.017073164
5967000000.000000,-0.133870674,0.133870674,0.113626755,1.013167704279,-5.156531641786,-0.020243919
5968000000.000000,-0.136217801,0.136217801,0.113709622,1.013177370309,-5.166872717604,-0.022508179
5969000000.000000,-0.140178830,0.140178830,0.113785278,1.013186195392,-5.177213793422,-0.026393552
5970000000.000000,-0.136908527,0.136908527,0.113853710,1.013194177755,-5.187554869240,-0.023054817
5971000000.000000,-0.129994250,0.129994250,0.113914901,1.013201315594,-5.197895945058,-0.016079349
5972000000.000000,-0.131928621,0.131928621,0.113968836,1.013207607074,-5.208237020876,-0.017959785
5973000000.000000,-0.138074466,0.138074466,0.114015499,1.013213050328,-5.218578096694,-0.024058967
5974000000.000000,-0.134129725,0.134129725,0.114054874,1.013217643466,-5.228919172512,-0.020074851
5975000000.000000,-0.137158282,0.137158282,0.114086945,1.013221384567,-5.239260248330,-0.023071337
5976000000.000000,-0.130404966,0.130404966,0.114111694,1.013224271686,-5.249601324149,-0.016293272
5977000000.000000,-0.136881113,0.136881113,0.114129107,1.013226302856,-5.259942399967,-0.022752006
5978000000.000000,-0.145006993,0.145006993,0.114139164,1.013227476084,-5.270283475785,-0.030867829
5979000000.000000,-0.128545159,0.128545159,0.114141850,1.013227789360,-5.280624551603,-0.014403309
5980000000.000000,-0.127179164,0.127179164,0.114137146,1.013227240652,-5.290965627421,-0.013042018
5981000000.000000,-0.140539556,0.140539556,0.114125035,1.013225827911,-5.301306703239,-0.026414521
5982000000.000000,-0.130700814,0.130700814,0.114105500,1.013223549072,-5.311647779057,-0.016595314
5983000000.000000,-0.135874625,0.135874625,0.114078522,1.013220402053,-5.321988854875,-0.021796103
5984000000.000000,-0.131887312,0.131887312,0.114044083,1.013216384762,-5.332329930693,-0.017843229
5985000000.000000,-0.132211978,0.132211978,0.114002166,1.013211495094,-5.342671006511,-0.018209812
5986000000.000000,-0.127010544,0.127010544,0.113952752,1.013205730934,-5.353012082329,-0.013057792
5987000000.000000,-0.139407490,0.139407490,0.113895823,1.013199090160,-5.363353158147,-0.025511667
5988000000.000000,-0.127696590,0.127696590,0.113831359,1.013191570643,-5.373694233965,-0.013865231
5989000000.000000,-0.134806254,0.134806254,0.113759344,1.013183170248,-5.384035309783,-0.021046910
5990000000.000000,-0.119303192,0.119303192,0.113679758,1.013173886839,-5.394376385601,-0.005623434
5991000000.000000,-0.138795969,0.138795969,0.113592583,1.013163718279,-5.404717461420,-0.025203386
5992000000.000000,-0.120581128,0.120581128,0.113497801,1.013152662431,-5.415058537238,-0.007083327
5993000000.000000,-0.135466753,0.135466753,0.113395392,1.013140717161,-5.425399613056,-0.022071361
5994000000.000000,-0.134910391,0.134910391,0.113285338,1.013127880339,-5.435740688874,-0.021625053
5995000000.000000,-0.120644487,0.120644487,0.113167621,1.013114149843,-5.446081764692,-0.007476866
5996000000.000000,-0.126803421,0.126803421,0.113042222,1.013099523556,-5.456422840510,-0.013761199
5997000000.000000,-0.128641391,0.128641391,0.112909123,1.013083999374,-5.466763916328,-0.015732268
5998000000.000000,-0.124748877,0.124748877,0.112768306,1.013067575206,-5.477104992146,-0.011980571
5999000000.000000,-0.121964050,0.121964050,0.112619752,1.013050248971,-5.487446067964,-0.009344298
6000000000.000000,-0.119141211,0.119141211,0.112463444,1.013032018610,-5.497787143782,-0.006677767
6001000000.000000,-0.125038223,0.125038223,0.112299363,1.013012882076,-5.508128219600,-0.012738860
6002000000.000000,-0.116990948,0.116990948,0.112127491,1.012992837346,-5.518469295418,-0.004863457
6003000000.000000,-0.118502122,0.118502122,0.111947812,1.012971882419,-5.528810371236,-0.006554310
6004000000.000000,-0.132143985,0.132143985,0.111760307,1.012950015317,-5.539151447054,-0.020383678
6005000000.000000,-0.112233507,0.112233507,0.111564959,1.012927234089,-5.549492522872,-0.000668548
6006000000.000000,-0.110924932,0.110924932,0.111361752,1.012903536811,-5.559833598691,0.000436820
6007000000.000000,-0.126087013,0.126087013,0.111150668,1.012878921592,-5.570174674509,-0.014936345
6008000000.000000,-0.118282582,0.118282582,0.110931691,1.012853386573,-5.580515750327,-0.007350891
6009000000.000000,-0.111602387,0.111602387,0.110704805,1.012826929926,-5.590856826145,-0.000897582
6010000000.000000,-0.112921559,0.112921559,0.110469993,1.012799549866,-5.601197901963,-0.002451566
6011000000.000000,-0.118581061,0.118581061,0.110227241,1.012771244642,-5.611538977781,-0.008353820
6012000000.000000,-0.119752258,0.119752258,0.109976532,1.012742012545,-5.621880053599,-0.009775726
6013000000.000000,-0.115901139,0.115901139,0.109717852,1.012711851913,-5.632221129417,-0.006183287
6014000000.000000,-0.116033557,0.116033557,0.109451187,1.012680761123,-5.642562205235,-0.006582370
6015000000.000000,-0.113557456,0.113557456,0.109176521,1.012648738606,-5.652903281053,-0.004380935
6016000000.000000,-0.121406129,0.121406129,0.108893842,1.012615782838,-5.663244356871,-0.012512287
6017000000.000000,-0.106002042,0.106002042,0.108603136,1.012581892350,-5.673585432689,0.002601094
6018000000.000000,-0.115021974,0.115021974,0.108304389,1.012547065726,-5.683926508507,-0.006717585
6019000000.000000,-0.102747771,0.102747771,0.107997590,1.012511301605,-5.694267584325,0.005249819
6020000000.000000,-0.108850085,0.108850085,0.107682726,1.012474598687,-5.704608660143,-0.001167359
6021000000.000000,-0.111311850,0.111311850,0.107359786,1.012436955732,-5.714949735962,-0.003952064
6022000000.000000,-0.099990615,0.099990615,0.107028759,1.012398371561,-5.725290811780,0.007038144
6023000000.000000,-0.103412633,0.103412633,0.106689634,1.012358845063,-5.735631887598,0.003277001
6024000000.000000,-0.097954993,0.097954993,0.106342401,1.012318375192,-5.745972963416,0.008387408
6025000000.000000,-0.104148399,0.104148399,0.105987052,1.012276960973,-5.756314039234,0.001838653
6026000000.000000,-0.096466834,0.096466834,0.105623577,1.012234601503,-5.766655115052,0.009156743
6027000000.000000,-0.102750795,0.102750795,0.105251968,1.012191295950,-5.776996190870,0.002501173
6028000000.000000,-0.095767664,0.095767664,0.104872218,1.012147043563,-5.787337266688,0.009104554
6029000000.000000,-0.097991130,0.097991130,0.104484320,1.012101843666,-5.797678342506,0.006493190
6030000000.000000,-0.096130780,0.096130780,0.104088267,1.012055695663,-5.808019418324,0.007957487
6031000000.000000,-0.092726285,0.092726285,0.103684054,1.012008599043,-5.818360494142,0.010957769
6032000000.000000,-0.096866562,0.096866562,0.103271677,1.011960553378,-5.828701569960,0.006405115
6033000000.000000,-0.087854264,0.087854264,0.102851131,1.011911558329,-5.839042645778,0.014996867
6034000000.000000,-0.105012713,0.105012713,0.102422413,1.011861613645,-5.849383721596,-0.002590300
6035000000.000000,-0.088562537,0.088562537,0.101985521,1.011810719166,-5.859724797414,0.013422984
6036000000.000000,-0.090855565,0.090855565,0.101540451,1.011758874827,-5.870065873233,0.010684886
6037000000.000000,-0.082492999,0.082492999,0.101087205,1.011706080657,-5.880406949051,0.018594206
6038000000.000000,-0.085792887,0.085792887,0.100625781,1.011652336784,-5.890748024869,0.014832894
6039000000.000000,-0.104302493,0.104302493,0.100156179,1.011597643436,-5.901089100687,-0.004146314
6040000000.000000,-0.085274773,0.085274773,0.099678403,1.011542000942,-5.911430176505,0.014403630
6041000000.000000,-0.088765759,0.088765759,0.099192453,1.011485409737,-5.921771252323,0.010426694
6042000000.000000,-0.084549693,0.084549693,0.098698333,1.011427870360,-5.932112328141,0.014148640
6043000000.000000,-0.093590767,0.093590767,0.098196048,1.011369383460,-5.942453403959,0.004605281
6044000000.000000,-0.084940177,0.084940177,0.097685602,1.011309949797,-5.952794479777,0.012745425
6045000000.000000,-0.090592377,0.090592377,0.097167001,1.011249570241,-5.963135555595,0.006574624
6046000000.000000,-0.086836126,0.086836126,0.096640253,1.011188245778,-5.973476631413,0.009804127
6047000000.000000,-0.080821294,0.080821294,0.096105366,1.011125977511,-5.983817707231,0.015284072
6048000000.000000,-0.090580242,0.090580242,0.095562348,1.011062766661,-5.994158783049,0.004982106
6049000000.000000,-0.079604309,0.079604309,0.095011209,1.010998614568,-6.004499858867,0.015406900
6050000000.000000,-0.082321740,0.082321740,0.094451961,1.010933522697,-6.014840934685,0.012130221
6051000000.000000,-0.082386415,0.082386415,0.093884616,1.010867492636,-6.025182010504,0.011498201
6052000000.000000,-0.085871982,0.085871982,0.093309186,1.010800526098,-6.035523086322,0.007437204
6053000000.000000,-0.087439595,0.087439595,0.092725686,1.010732624928,-6.045864162140,0.005286091
6054000000.000000,-0.063296582,0.063296582,0.092134131,1.010663791097,-6.056205237958,0.028837549
6055000000.000000,-0.074179097,0.074179097,0.091534539,1.010594026709,-6.066546313776,0.017355442
6056000000.000000,-0.088396176,0.088396176,0.090926925,1.010523334004,-6.076887389594,0.002530749
6057000000.000000,-0.079754977,0.079754977,0.090311310,1.010451715356,-6.087228465412,0.010556333
6058000000.000000,-0.065636490,0.065636490,0.089687712,1.010379173274,-6.097569541230,0.024051222
6059000000.000000,-0.075285307,0.075285307,0.089056154,1.010305710411,-6.107910617048,0.013770847
6060000000.000000,-0.076263745,0.076263745,0.088416657,1.010231329557,-6.118251692866,0.012152912
6061000000.000000,-0.074235929,0.074235929,0.087769244,1.010156033645,-6.128592768684,0.013533315
6062000000.000000,-0.071706002,0.071706002,0.087113941,1.010079825755,-6.138933844502,0.015407939
6063000000.000000,-0.072134249,0.072134249,0.086450774,1.010002709109,-6.149274920320,0.014316525
6064000000.000000,-0.067228588,0.067228588,0.085779769,1.009924687080,-6.159615996138,0.018551181
6065000000.000000,-0.062677494,0.062677494,0.085100955,1.009845763188,-6.169957071956,0.022423461
6066000000.000000,-0.080590728,0.080590728,0.084414361,1.009765941104,-6.180298147775,0.003823633
6067000000.000000,-0.054836283,0.054836283,0.083720020,1.009685224653,-6.190639223593,0.028883737
6068000000.000000,-0.059374390,0.059374390,0.083017963,1.009603617810,-6.200980299411,0.023643573
6069000000.000000,-0.075663052,0.075663052,0.082308224,1.009521124709,-6.211321375229,0.006645172
6070000000.000000,-0.058604918,0.058604918,0.081590838,1.009437749639,-6.221662451047,0.022985920
6071000000.000000,-0.069523642,0.069523642,0.080865841,1.009353497048,-6.232003526865,0.011342199
6072000000.000000,-0.058607880,0.058607880,0.080133271,1.009268371541,-6.242344602683,0.021525391
6073000000.000000,-0.051529520,0.051529520,0.079393167,1.009182377887,-6.252685678501,0.027863647
6074000000.000000,-0.052261953,0.052261953,0.078645570,1.009095521014,-6.263026754319,0.026383617
6075000000.000000,-0.064197564,0.064197564,0.077890522,1.009007806017,-6.273367830137,0.013692958
6076000000.000000,-0.055132325,0.055132325,0.077128066,1.008919238153,-6.283708905955,0.021995741
6077000000.000000,-0.058118743,0.058118743,0.076358246,1.008829822845,-6.294049981773,0.018239503
6078000000.000000,-0.059481963,0.059481963,0.075581109,1.008739565683,-6.304391057591,0.016099146
6079000000.000000,-0.055943287,0.055943287,0.074796703,1.008648472427,-6.314732133409,0.018853416
6080000000.000000,-0.052817642,0.052817642,0.074005076,1.008556549005,-6.325073209227,0.021187434
6081000000.000000,-0.054583139,0.054583139,0.073206279,1.008463801513,-6.335414285046,0.018623140
6082000000.000000,-0.044015989,0.044015989,0.072400365,1.008370236222,-6.345755360864,0.028384376
6083000000.000000,-0.048757053,0.048757053,0.071587386,1.008275859574,-6.356096436682,0.022830333
6084000000.000000,-0.047411710,0.047411710,0.070767398,1.008180678182,-6.366437512500,0.023355688
6085000000.000000,-0.049854953,0.049854953,0.069940458,1.008084698837,-6.376778588318,0.020085505
6086000000.000000,-0.058966490,0.058966490,0.069106622,1.007987928502,-6.387119664136,0.010140132
6087000000.000000,-0.042284558,0.042284558,0.068265951,1.007890374316,-6.397460739954,0.025981393
6088000000.000000,-0.052310844,0.052310844,0.067418507,1.007792043596,-6.407801815772,0.015107663
6089000000.000000,-0.045254472,0.045254472,0.066564350,1.007692943836,-6.418142891590,0.021309878
6090000000.000000,-0.044467525,0.044467525,0.065703547,1.007593082706,-6.428483967408,0.021236022
6091000000.000000,-0.050041396,0.050041396,0.064836161,1.007492468056,-6.438825043226,0.014794765
6092000000.000000,-0.053986746,0.053986746,0.063962262,1.007391107915,-6.449166119044,0.009975516
6093000000.000000,-0.038327113,0.038327113,0.063081917,1.007289010493,-6.459507194862,0.024754804
6094000000.000000,-0.036094257,0.036094257,0.062195196,1.007186184178,-6.469848270680,0.026100939
6095000000.000000,-0.039139342,0.039139342,0.061302173,1.007082637540,-6.480189346498,0.022162831
6096000000.000000,-0.040002277,0.040002277,0.060402920,1.006978379329,-6.490530422317,0.020400643
6097000000.000000,-0.050957716,0.050957716,0.059497512,1.006873418479,-6.500871498135,0.008539796
6098000000.000000,-0.045563900,0.045563900,0.058586027,1.006767764102,-6.511212573953,0.013022127
6099000000.000000,-0.038214191,0.038214191,0.057668542,1.006661425495,-6.521553649771,0.019454351
6100000000.000000,-0.043936486,0.043936486,0.056745137,1.006554412137,-6.531894725589,0.012808651
6101000000.000000,-0.046386553,0.046386553,0.055815895,1.006446733688,-6.542235801407,0.009429342
6102000000.000000,-0.024227316,0.024227316,0.054880897,1.006338399992,-6.552576877225,0.030653581
6103000000.000000,-0.037427746,0.037427746,0.053940230,1.006229421074,-6.562917953043,0.016512484
6104000000.000000,-0.033145979,0.033145979,0.052993978,1.006119807145,-6.573259028861,0.019847999
6105000000.000000,-0.038464668,0.038464668,0.052042230,1.006009568594,-6.583600104679,0.013577562
6106000000.000000,-0.036589722,0.036589722,0.051085076,1.005898715997,-6.593941180497,0.014495354
6107000000.000000,-0.053138828,0.053138828,0.050122606,1.005787260111,-6.604282256315,-0.003016222
6108000000.000000,-0.034389377,0.034389377,0.049154913,1.005675211873,-6.614623332133,0.014765536
6109000000.000000,-0.043691356,0.043691356,0.048182092,1.005562582406,-6.624964407951,0.004490736
6110000000.000000,-0.031581528,0.031581528,0.047204239,1.005449383013,-6.635305483769,0.015622711
6111000000.000000,-0.040367001,0.040367001,0.046221451,1.005335625179,-6.645646559588,0.005854450
6112000000.000000,-0.039658850,0.039658850,0.045233827,1.005221320568,-6.655987635406,0.005574977
6113000000.000000,-0.035811399,0.035811399,0.044241467,1.005106481029,-6.666328711224,0.008430068
6114000000.000000,-0.032557888,0.032557888,0.043244476,1.004991118588,-6.676669787042,0.010686588
6115000000.000000,-0.028525690,0.028525690,0.042242955,1.004875245451,-6.687010862860,0.013717265
6116000000.000000,-0.040764559,0.040764559,0.041237011,1.004758874005,-6.697351938678,0.000472452
6117000000.000000,-0.033769209,0.033769209,0.040226751,1.004642016815,-6.707693014496,0.006457542
6118000000.000000,-0.031576536,0.031576536,0.039212284,1.004524686622,-6.718034090314,0.007635748
6119000000.000000,-0.031921087,0.031921087,0.038193719,1.004406896346,-6.728375166132,0.006272632
6120000000.000000,-0.030383547,0.030383547,0.037171169,1.004288659084,-6.738716241950,0.006787622
6121000000.000000,-0.024919946,0.024919946,0.036144747,1.004169988107,-6.749057317768,0.011224801
6122000000.000000,-0.026034716,0.026034716,0.035114568,1.004050896861,-6.759398393586,0.009079852
6123000000.000000,-0.038169460,0.038169460,0.034080749,1.003931398966,-6.769739469404,-0.004088711
6124000000.000000,-0.025505104,0.025505104,0.033043407,1.003811508214,-6.780080545222,0.007538303
6125000000.000000,-0.030074262,0.030074262,0.032002662,1.003691238571,-6.790421621040,0.001928400
6126000000.000000,-0.023625871,0.023625871,0.030958636,1.003570604169,-6.800762696859,0.007332765
6127000000.000000,-0.030726316,0.030726316,0.029911451,1.003449619315,-6.811103772677,-0.000814865
6128000000.000000,-0.029115167,0.029115167,0.028861230,1.003328298480,-6.821444848495,-0.000253937
6129000000.000000,-0.030371638,0.030371638,0.027808101,1.003206656302,-6.831785924313,-0.002563537
6130000000.000000,-0.017566772,0.017566772,0.026752190,1.003084707588,-6.842127000131,0.009185418
6131000000.000000,-0.024658394,0.024658394,0.025693625,1.002962467306,-6.852468075949,0.001035231
6132000000.000000,-0.020362661,0.020362661,0.024632536,1.002839950587,-6.862809151767,0.004269875
6133000000.000000,-0.021732506,0.021732506,0.023569056,1.002717172725,-6.873150227585,0.001836550
6134000000.000000,-0.017984034,0.017984034,0.022503318,1.002594149173,-6.883491303403,0.004519284
6135000000.000000,-0.017429679,0.017429679,0.021435454,1.002470895540,-6.893832379221,0.004005775
6136000000.000000,-0.016971252,0.016971252,0.020365603,1.002347427595,-6.904173455039,0.003394351
6137000000.000000,-0.021186655,0.021186655,0.019293900,1.002223761259,-6.914514530857,-0.001892755
6138000000.000000,-0.012067703,0.012067703,0.018220485,1.002099912608,-6.924855606675,0.006152782
6139000000.000000,-0.019329903,0.019329903,0.017145498,1.001975897867,-6.935196682493,-0.002184405
6140000000.000000,-0.020811228,0.020811228,0.016069079,1.001851733413,-6.945537758311,-0.004742149
6141000000.000000,-0.015042498,0.015042498,0.014991372,1.001727435769,-6.955878834129,-0.000051126
6142000000.000000,-0.009126059,0.009126059,0.013912521,1.001603021602,-6.966219909948,0.004786462
6143000000.000000,-0.012556076,0.012556076,0.012832671,1.001478507725,-6.976560985766,0.000276595
6144000000.000000,-0.011892890,0.011892890,0.011751969,1.001353911090,-6.986902061584,-0.000140921
6145000000.000000,-0.004673625,0.004673625,0.010670562,1.001229248791,-6.997243137402,0.005996937
6146000000.000000,-0.005979811,0.005979811,0.009588601,1.001104538056,-7.007584213220,0.003608790
6147000000.000000,-0.026114443,0.026114443,0.008506236,1.000979796250,-7.017925289038,-0.017608207
6148000000.000000,-0.006504125,0.006504125,0.007423617,1.000855040868,-7.028266364856,0.000919492
6149000000.000000,-0.008856501,0.008856501,0.006340899,1.000730289539,-7.038607440674,-0.002515602
6150000000.000000,-0.008933408,0.008933408,0.005258236,1.000605560015,-7.048948516492,-0.003675172
6151000000.000000,-0.007071009,0.007071009,0.004175781,1.000480870176,-7.059289592310,-0.002895228
6152000000.000000,-0.009548203,0.009548203,0.003093693,1.000356238025,-7.069630668128,-0.006454510
6153000000.000000,-0.012877903,0.012877903,0.002012128,1.000231681684,-7.079971743946,-0.010865775
6154000000.000000,-0.003425661,0.003425661,0.000931246,1.000107219393,-7.090312819764,-0.002494415
6155000000.000000,-0.018114525,0.018114525,-0.000148795,0.999982869506,-7.100653895582,-0.018263320
6156000000.000000,-0.016557927,0.016557927,-0.001227833,0.999858650491,-7.110994971401,-0.017785760
6157000000.000000,-0.012379809,0.012379809,-0.002305707,0.999734580923,-7.121336047219,-0.014685516
6158000000.000000,-0.011081532,0.011081532,-0.003382253,0.999610679486,-7.131677123037,-0.014463785
6159000000.000000,-0.007658427,0.007658427,-0.004457309,0.999486964966,-7.142018198855,-0.012115736
6160000000.000000,-0.000810635,0.000810635,-0.005530709,0.999363456251,-7.152359274673,-0.006341344
6161000000.000000,-0.003894566,0.003894566,-0.006602288,0.999240172325,-7.162700350491,-0.010496854
6162000000.000000,-0.012890087,0.012890087,-0.007671879,0.999117132268,-7.173041426309,-0.020561966
6163000000.000000,-0.001856827,0.001856827,-0.008739314,0.998994355252,-7.183382502127,-0.010596141
6164000000.000000,-0.002275157,0.002275157,-0.009804426,0.998871860537,-7.193723577945,-0.012079583
6165000000.000000,-0.000914197,0.000914197,-0.010867046,0.998749667468,-7.204064653763,-0.011781243
6166000000.000000,-0.001175195,0.001175195,-0.011927002,0.998627795473,-7.214405729581,-0.013102197
6167000000.000000,-0.002767475,0.002767475,-0.012984125,0.998506264059,-7.224746805399,-0.015751600
6168000000.000000,-0.004040595,0.004040595,-0.014038244,0.998385092807,-7.235087881217,-0.018078839
6169000000.000000,-0.009114637,0.009114637,-0.015089186,0.998264301372,-7.245428957035,-0.024203823
6170000000.000000,-0.000442868,0.000442868,-0.016136778,0.998143909476,-7.255770032853,-0.016579646
6171000000.000000,0.005410373,-0.005410373,-0.017180847,0.998023936909,-7.266111108671,-0.011770474
6172000000.000000,0.013941378,-0.013941378,-0.018221219,0.997904403520,-7.276452184490,-0.004279841
6173000000.000000,0.014443045,-0.014443045,-0.019257719,0.997785329218,-7.286793260308,-0.004814674
6174000000.000000,0.004886161,-0.004886161,-0.020290172,0.997666733967,-7.297134336126,-0.015404011
6175000000.000000,0.001797791,-0.001797791,-0.021318402,0.997548637780,-7.307475411944,-0.019520611
6176000000.000000,0.008166781,-0.008166781,-0.022342233,0.997431060719,-7.317816487762,-0.014175452
6177000000.000000,0.002480256,-0.002480256,-0.023361489,0.997314022890,-7.328157563580,-0.020881233
6178000000.000000,0.013767422,-0.013767422,-0.024375992,0.997197544437,-7.338498639398,-0.010608570
6179000000.000000,0.013587484,-0.013587484,-0.025385565,0.997081645541,-7.348839715216,-0.011798081
6180000000.000000,0.005792523,-0.005792523,-0.026390030,0.996966346417,-7.359180791034,-0.020597507
6181000000.000000,0.005547268,-0.005547268,-0.027389208,0.996851667304,-7.369521866852,-0.021841940
6182000000.000000,0.010826480,-0.010826480,-0.028382922,0.996737628470,-7.379862942670,-0.017556442
6183000000.000000,0.021072772,-0.021072772,-0.029370993,0.996624250201,-7.390204018488,-0.008298221
6184000000.000000,0.008514681,-0.008514681,-0.030353241,0.996511552798,-7.400545094306,-0.021838560
6185000000.000000,0.018288499,-0.018288499,-0.031329488,0.996399556577,-7.410886170124,-0.013040989
6186000000.000000,0.007960933,-0.007960933,-0.032299555,0.996288281861,-7.421227245942,-0.024338622
6187000000.000000,0.035034257,-0.035034257,-0.033263261,0.996177748976,-7.431568321761,0.001770996
6188000000.000000,0.015456586,-0.015456586,-0.034220429,0.996067978249,-7.441909397579,-0.018763843
6189000000.000000,0.014159453,-0.014159453,-0.035170878,0.995958990004,-7.452250473397,-0.021011425
6190000000.000000,0.019723061,-0.019723061,-0.036114429,0.995850804553,-7.462591549215,-0.016391368
6191000000.000000,0.018064919,-0.018064919,-0.037050902,0.995743442197,-7.472932625033,-0.018985983
6192000000.000000,0.014983333,-0.014983333,-0.037980119,0.995636923220,-7.483273700851,-0.022996786
6193000000.000000,0.019462701,-0.019462701,-0.038901900,0.995531267884,-7.493614776669,-0.019439199
6194000000.000000,0.025032886,-0.025032886,-0.039816066,0.995426496425,-7.503955852487,-0.014783180
6195000000.000000,0.026803289,-0.026803289,-0.040722439,0.995322629048,-7.514296928305,-0.013919150
6196000000.000000,0.032687214,-0.032687214,-0.041620840,0.995219685924,-7.524638004123,-0.008933626
6197000000.000000,0.031918339,-0.031918339,-0.042511091,0.995117687184,-7.534979079941,-0.010592752
6198000000.000000,0.019113926,-0.019113926,-0.043393014,0.995016652915,-7.545320155759,-0.024279088
6199000000.000000,0.027964593,-0.027964593,-0.044266431,0.994916603157,-7.555661231577,-0.016301838
6200000000.000000,0.033157027,-0.033157027,-0.045131166,0.994817557895,-7.566002307395,-0.011974139
6201000000.000000,0.045549981,-0.045549981,-0.045987042,0.994719537057,-7.576343383213,-0.000437061
6202000000.000000,0.029081307,-0.029081307,-0.046833882,0.994622560509,-7.586684459032,-0.017752575
6203000000.000000,0.042248682,-0.042248682,-0.047671512,0.994526648050,-7.597025534850,-0.005422830
6204000000.000000,0.032513505,-0.032513505,-0.048499755,0.994431819407,-7.607366610668,-0.015986250
6205000000.000000,0.037726868,-0.037726868,-0.049318439,0.994338094231,-7.617707686486,-0.011591571
6206000000.000000,0.032817785,-0.032817785,-0.050127389,0.994245492091,-7.628048762304,-0.017309604
6207000000.000000,0.039050938,-0.039050938,-0.050926431,0.994154032473,-7.638389838122,-0.011875493
6208000000.000000,0.033385731,-0.033385731,-0.051715395,0.994063734768,-7.648730913940,-0.018329664
6209000000.000000,0.040015964,-0.040015964,-0.052494109,0.993974618274,-7.659071989758,-0.012478145
6210000000.000000,0.034699232,-0.034699232,-0.053262401,0.993886702188,-7.669413065576,-0.018563169
6211000000.000000,0.053434774,-0.053434774,-0.054020103,0.993800005603,-7.679754141394,-0.000585329
6212000000.000000,0.049499916,-0.049499916,-0.054767045,0.993714547500,-7.690095217212,-0.005267129
6213000000.000000,0.039488631,-0.039488631,-0.055503061,0.993630346747,-7.700436293030,-0.016014430
6214000000.000000,0.041731293,-0.041731293,-0.056227983,0.993547422089,-7.710777368848,-0.014496690
6215000000.000000,0.043968887,-0.043968887,-0.056941646,0.993465792151,-7.721118444666,-0.012972759
6216000000.000000,0.041297810,-0.041297810,-0.057643885,0.993385475423,-7.731459520484,-0.016346075
6217000000.000000,0.057044522,-0.057044522,-0.058334537,0.993306490263,-7.741800596303,-0.001290015
6218000000.000000,0.060629083,-0.060629083,-0.059013440,0.993228854890,-7.752141672121,0.001615643
6219000000.000000,0.055132170,-0.055132170,-0.059680433,0.993152587376,-7.762482747939,-0.004548263
6220000000.000000,0.045402614,-0.045402614,-0.060335356,0.993077705644,-7.772823823757,-0.014932742
6221000000.000000,0.055181096,-0.055181096,-0.060978052,0.993004227464,-7.783164899575,-0.005796956
6222000000.000000,0.051146266,-0.051146266,-0.061608364,0.992932170443,-7.793505975393,-0.010462098
6223000000.000000,0.043334488,-0.043334488,-0.062226136,0.992861552025,-7.803847051211,-0.018891648
6224000000.000000,0.060309565,-0.060309565,-0.062831214,0.992792389484,-7.814188127029,-0.002521649
6225000000.000000,0.064579146,-0.064579146,-0.063423447,0.992724699919,-7.824529202847,0.001155699
6226000000.000000,0.060618451,-0.060618451,-0.064002683,0.992658500249,-7.834870278665,-0.003384232
6227000000.000000,0.054250133,-0.054250133,-0.064568774,0.992593807206,-7.845211354483,-0.010318641
6228000000.000000,0.062757165,-0.062757165,-0.065121572,0.992530637335,-7.855552430301,-0.002364407
6229000000.000000,0.065889933,-0.065889933,-0.065660932,0.992469006982,-7.865893506119,0.000229001
6230000000.000000,0.059351151,-0.059351151,-0.066186709,0.992408932296,-7.876234581937,-0.006835558
6231000000.000000,0.053494383,-0.053494383,-0.066698763,0.992350429218,-7.886575657755,-0.013204380
6232000000.000000,0.064793420,-0.064793420,-0.067196951,0.992293513480,-7.896916733574,-0.002403531
6233000000.000000,0.066886591,-0.066886591,-0.067681138,0.992238200596,-7.907257809392,-0.000794547
6234000000.000000,0.063097392,-0.063097392,-0.068151185,0.992184505861,-7.917598885210,-0.005053793
6235000000.000000,0.068113929,-0.068113929,-0.068606960,0.992132444345,-7.927939961028,-0.000493031
6236000000.000000,0.061378577,-0.061378577,-0.069048329,0.992082030883,-7.938281036846,-0.007669752
6237000000.000000,0.059583275,-0.059583275,-0.069475164,0.992033280078,-7.948622112664,-0.009891889
6238000000.000000,0.062438936,-0.062438936,-0.069887335,0.991986206290,-7.958963188482,-0.007448399
6239000000.000000,0.068657385,-0.068657385,-0.070284717,0.991940823632,-7.969304264300,-0.001627332
6240000000.000000,0.067391120,-0.067391120,-0.070667187,0.991897145966,-7.979645340118,-0.003276067
6241000000.000000,0.065865747,-0.065865747,-0.071034624,0.991855186898,-7.989986415936,-0.005168877
6242000000.000000,0.057619339,-0.057619339,-0.071386909,0.991814959772,-8.000327491754,-0.013767570
6243000000.000000,0.073597904,-0.073597904,-0.071723925,0.991776477665,-8.010668567572,0.001873979
6244000000.000000,0.066663606,-0.066663606,-0.072045559,0.991739753383,-8.021009643390,-0.005381953
6245000000.000000,0.078791018,-0.078791018,-0.072351699,0.991704799455,-8.031350719208,0.006439319
6246000000.000000,0.063647270,-0.063647270,-0.072642236,0.991671628127,-8.041691795026,-0.008994966
6247000000.000000,0.076410546,-0.076410546,-0.072917065,0.991640251360,-8.052032870845,0.003493481
6248000000.000000,0.079711225,-0.079711225,-0.073176080,0.991610680823,-8.062373946663,0.006535145
6249000000.000000,0.066940120,-0.066940120,-0.073419182,0.991582927886,-8.072715022481,-0.006479062
6250000000.000000,0.068744282,-0.068744282,-0.073646272,0.991557003620,-8.083056098299,-0.004901990
6251000000.000000,0.079583638,-0.079583638,-0.073857254,0.991532918788,-8.093397174117,0.005726384
6252000000.000000,0.081172522,-0.081172522,-0.074052035,0.991510683841,-8.103738249935,0.007120487
6253000000.000000,0.082628366,-0.082628366,-0.074230527,0.991490308913,-8.114079325753,0.008397839
6254000000.000000,0.080020223,-0.080020223,-0.074392641,0.991471803817,-8.124420401571,0.005627582
6255000000.000000,0.068408207,-0.068408207,-0.074538294,0.991455178042,-8.134761477389,-0.006130087
6256000000.000000,0.082325624,-0.082325624,-0.074667405,0.991440440741,-8.145102553207,0.007658219
6257000000.000000,0.076846251,-0.076846251,-0.074779895,0.991427600735,-8.155443629025,0.002066356
6258000000.000000,0.087456402,-0.087456402,-0.074875691,0.991416666501,-8.165784704843,0.012580711
6259000000.000000,0.079942474,-0.079942474,-0.074954719,0.991407646174,-8.176125780661,0.004987755
6260000000.000000,0.079511335,-0.079511335,-0.075016912,0.991400547535,-8.186466856479,0.004494423
6261000000.000000,0.077705955,-0.077705955,-0.075062203,0.991395378012,-8.196807932297,0.002643752
6262000000.000000,0.081242306,-0.081242306,-0.075090531,0.991392144671,-8.207149008116,0.006151775
6263000000.000000,0.087719880,-0.087719880,-0.075101837,0.991390854217,-8.217490083934,0.012618043
6264000000.000000,0.075871584,-0.075871584,-0.075096066,0.991391512982,-8.227831159752,0.000775518
6265000000.000000,0.094160318,-0.094160318,-0.075073164,0.991394126926,-8.238172235570,0.019087154
6266000000.000000,0.082121055,-0.082121055,-0.075033084,0.991398701630,-8.248513311388,0.007087971
6267000000.000000,0.088746451,-0.088746451,-0.074975780,0.991405242294,-8.258854387206,0.013770671
6268000000.000000,0.079450317,-0.079450317,-0.074901210,0.991413753728,-8.269195463024,0.004549107
6269000000.000000,0.076447095,-0.076447095,-0.074809336,0.991424240352,-8.279536538842,0.001637759
6270000000.000000,0.084029773,-0.084029773,-0.074700123,0.991436706188,-8.289877614660,0.009329650
6271000000.000000,0.085003732,-0.085003732,-0.074573540,0.991451154858,-8.300218690478,0.010430192
6272000000.000000,0.075449561,-0.075449561,-0.074429561,0.991467589580,-8.310559766296,0.001020000
6273000000.000000,0.079114861,-0.079114861,-0.074268160,0.991486013160,-8.320900842114,0.004846701
6274000000.000000,0.087954085,-0.087954085,-0.074089318,0.991506427993,-8.331241917932,0.013864767
6275000000.000000,0.079776911,-0.079776911,-0.073893019,0.991528836054,-8.341582993750,0.005883892
6276000000.000000,0.084910343,-0.084910343,-0.073679250,0.991553238898,-8.351924069568,0.011231093
6277000000.000000,0.078620935,-0.078620935,-0.073448003,0.991579637651,-8.362265145387,0.005172932
6278000000.000000,0.095467515,-0.095467515,-0.073199273,0.991608033011,-8.372606221205,0.022268242
6279000000.000000,0.093741015,-0.093741015,-0.072933060,0.991638425239,-8.382947297023,0.020807955
6280000000.000000,0.084516409,-0.084516409,-0.072649366,0.991670814161,-8.393288372841,0.011867043
6281000000.000000,0.076576723,-0.076576723,-0.072348198,0.991705199158,-8.403629448659,0.004228525
6282000000.000000,0.095100311,-0.095100311,-0.072029568,0.991741579165,-8.413970524477,0.023070743
6283000000.000000,0.079516168,-0.079516168,-0.071693491,0.991779952667,-8.424311600295,0.007822677
6284000000.000000,0.079063006,-0.079063006,-0.071339986,0.991820317695,-8.434652676113,0.007723020
6285000000.000000,0.085769535,-0.085769535,-0.070969077,0.991862671823,-8.444993751931,0.014800458
6286000000.000000,0.081009489,-0.081009489,-0.070580791,0.991907012162,-8.455334827749,0.010428698
6287000000.000000,0.080935408,-0.080935408,-0.070175159,0.991953335358,-8.465675903567,0.010760249
6288000000.000000,0.085292592,-0.085292592,-0.069752218,0.992001637590,-8.476016979385,0.015540374
6289000000.000000,0.074741975,-0.074741975,-0.069312008,0.992051914563,-8.486358055203,0.005429967
6290000000.000000,0.091363821,-0.091363821,-0.068854573,0.992104161507,-8.496699131021,0.022509248
6291000000.000000,0.078245254,-0.078245254,-0.068379962,0.992158373173,-8.507040206839,0.009865292
6292000000.000000,0.075597854,-0.075597854,-0.067888228,0.992214543827,-8.517381282658,0.007709626
6293000000.000000,0.079090513,-0.079090513,-0.067379428,0.992272667254,-8.527722358476,0.011711085
6294000000.000000,0.073745990,-0.073745990,-0.066853623,0.992332736745,-8.538063434294,0.006892367
6295000000.000000,0.087318502,-0.087318502,-0.066310881,0.992394745101,-8.548404510112,0.021007621
6296000000.000000,0.080325935,-0.080325935,-0.065751271,0.992458684628,-8.558745585930,0.014574664
6297000000.000000,0.079808211,-0.079808211,-0.065174869,0.992524547132,-8.569086661748,0.014633342
6298000000.000000,0.081478994,-0.081478994,-0.064581754,0.992592323919,-8.579427737566,0.016897240
6299000000.000000,0.070882474,-0.070882474,-0.063972009,0.992662005789,-8.589768813384,0.006910465
6300000000.000000,0.078074767,-0.078074767,-0.063345724,0.992733583037,-8.600109889202,0.014729043
6301000000.000000,0.088045793,-0.088045793,-0.062702991,0.992807045446,-8.610450965020,0.025342802
6302000000.000000,0.076775798,-0.076775798,-0.062043907,0.992882382287,-8.620792040838,0.014731891
6303000000.000000,0.078280150,-0.078280150,-0.061368576,0.992959582316,-8.631133116656,0.016911574
6304000000.000000,0.073360067,-0.073360067,-0.060677102,0.993038633770,-8.641474192474,0.012682965
6305000000.000000,0.062400163,-0.062400163,-0.059969599,0.993119524366,-8.651815268292,0.002430564
6306000000.000000,0.061315871,-0.061315871,-0.059246181,0.993202241298,-8.662156344110,0.002069690
6307000000.000000,0.058711033,-0.058711033,-0.058506970,0.993286771235,-8.672497419929,0.000204063
6308000000.000000,0.074012371,-0.074012371,-0.057752090,0.993373100318,-8.682838495747,0.016260281
6309000000.000000,0.065943536,-0.065943536,-0.056981671,0.993461214160,-8.693179571565,0.008961865
6310000000.000000,0.066361390,-0.066361390,-0.056195849,0.993551097839,-8.703520647383,0.010165541
6311000000.000000,0.072340860,-0.072340860,-0.055394761,0.993642735900,-8.713861723201,0.016946099
6312000000.000000,0.066596180,-0.066596180,-0.054578553,0.993736112354,-8.724202799019,0.012017627
6313000000.000000,0.059702752,-0.059702752,-0.053747372,0.993831210673,-8.734543874837,0.005955380
6314000000.000000,0.071843214,-0.071843214,-0.052901373,0.993928013787,-8.744884950655,0.018941841
6315000000.000000,0.064666729,-0.064666729,-0.052040714,0.994026504088,-8.755226026473,0.012626015
6316000000.000000,0.058903218,-0.058903218,-0.051165557,0.994126663424,-8.765567102291,0.007737661
6317000000.000000,0.056059201,-0.056059201,-0.050276071,0.994228473096,-8.775908178109,0.005783130
6318000000.000000,0.050682998,-0.050682998,-0.049372427,0.994331913862,-8.786249253927,0.001310571
6319000000.000000,0.059705581,-0.059705581,-0.048454803,0.994436965931,-8.796590329745,0.011250778
6320000000.000000,0.044164540,-0.044164540,-0.047523382,0.994543608962,-8.806931405563,-0.003358842
6321000000.000000,0.048728525,-0.048728525,-0.046578349,0.994651822066,-8.817272481381,0.002150176
6322000000.000000,0.051601010,-0.051601010,-0.045619898,0.994761583801,-8.827613557200,0.005981112
6323000000.000000,0.052356661,-0.052356661,-0.044648223,0.994872872172,-8.837954633018,0.007708438
6324000000.000000,0.047874436,-0.047874436,-0.043663527,0.994985664634,-8.848295708836,0.004210909
6325000000.000000,0.039153081,-0.039153081,-0.042666016,0.995099938084,-8.858636784654,-0.003512935
6326000000.000000,0.055941330,-0.055941330,-0.041655900,0.995215668866,-8.868977860472,0.014285430
6327000000.000000,0.052608282,-0.052608282,-0.040633395,0.995332832766,-8.879318936290,0.011974887
6328000000.000000,0.048136209,-0.048136209,-0.039598722,0.995451405017,-8.889660012108,0.008537487
6329000000.000000,0.042457637,-0.042457637,-0.038552106,0.995571360291,-8.900001087926,0.003905531
6330000000.000000,0.050548444,-0.050548444,-0.037493777,0.995692672707,-8.910342163744,0.013054667
6331000000.000000,0.049883151,-0.049883151,-0.036423970,0.995815315821,-8.920683239562,0.013459181
6332000000.000000,0.038162923,-0.038162923,-0.035342924,0.995939262636,-8.931024315380,0.002819999
6333000000.000000,0.035056848,-0.035056848,-0.034250886,0.996064485593,-8.941365391198,0.000805962
6334000000.000000,0.030764898,-0.030764898,-0.033148102,0.996190956576,-8.951706467016,-0.002383204
6335000000.000000,0.038789432,-0.038789432,-0.032034829,0.996318646912,-8.962047542834,0.006754603
6336000000.000000,0.035826080,-0.035826080,-0.030911324,0.996447527368,-8.972388618652,0.004914756
6337000000.000000,0.021160941,-0.021160941,-0.029777851,0.996577568153,-8.982729694471,-0.008616910
6338000000.000000,0.028104129,-0.028104129,-0.028634679,0.996708738919,-8.993070770289,-0.000530550
6339000000.000000,0.025130430,-0.025130430,-0.027482080,0.996841008762,-9.003411846107,-0.002351650
6340000000.000000,0.021551931,-0.021551931,-0.026320333,0.996974346218,-9.013752921925,-0.004768402
6341000000.000000,0.026552844,-0.026552844,-0.025149720,0.997108719270,-9.024093997743,0.001403124
6342000000.000000,0.023275081,-0.023275081,-0.023970529,0.997244095343,-9.034435073561,-0.000695448
6343000000.000000,0.023533340,-0.023533340,-0.022783051,0.997380441310,-9.044776149379,0.000750289
6344000000.000000,0.016581531,-0.016581531,-0.021587584,0.997517723487,-9.055117225197,-0.005006053
6345000000.000000,0.024022332,-0.024022332,-0.020384428,0.997655907641,-9.065458301015,0.003637904
6346000000.000000,0.011984384,-0.011984384,-0.019173890,0.997794958982,-9.075799376833,-0.007189506
6347000000.000000,0.021988269,-0.021988269,-0.017956281,0.997934842175,-9.086140452651,0.004031988
6348000000.000000,0.015157480,-0.015157480,-0.016731915,0.998075521333,-9.096481528469,-0.001574435
6349000000.000000,0.017849248,-0.017849248,-0.015501112,0.998216960021,-9.106822604287,0.002348136
6350000000.000000,0.021159833,-0.021159833,-0.014264198,0.998359121259,-9.117163680105,0.006895635
6351000000.000000,0.018785330,-0.018785330,-0.013021501,0.998501967520,-9.127504755923,0.005763829
6352000000.000000,0.014032479,-0.014032479,-0.011773354,0.998645460737,-9.137845831742,0.002259125
6353000000.000000,0.013574030,-0.013574030,-0.010520097,0.998789562299,-9.148186907560,0.003053933
6354000000.000000,0.004626574,-0.004626574,-0.009262071,0.998934233058,-9.158527983378,-0.004635497
6355000000.000000,-0.003567154,0.003567154,-0.007999623,0.999079433326,-9.168869059196,-0.011566777
6356000000.000000,0.004024628,-0.004024628,-0.006733106,0.999225122883,-9.179210135014,-0.002708478
6357000000.000000,0.004026634,-0.004026634,-0.005462875,0.999371260975,-9.189551210832,-0.001436241
6358000000.000000,-0.002097837,0.002097837,-0.004189291,0.999517806315,-9.199892286650,-0.006287128
6359000000.000000,-0.000600870,0.000600870,-0.002912719,0.999664717090,-9.210233362468,-0.003513589
6360000000.000000,-0.001625249,0.001625249,-0.001633527,0.999811950962,-9.220574438286,-0.003258776
6361000000.000000,0.001252243,-0.001252243,-0.000352089,0.999959465069,-9.230915514104,0.000900154
6362000000.000000,-0.006904295,0.006904295,0.000931217,1.000107216028,-9.241256589922,-0.005973078
6363000000.000000,-0.009491403,0.009491403,0.002216008,1.000255159940,-9.251597665740,-0.007275395
6364000000.000000,-0.006378838,0.006378838,0.003501900,1.000403252391,-9.261938741558,-0.002876938
6365000000.000000,-0.003623921,0.003623921,0.004788500,1.000551448456,-9.272279817376,0.001164579
6366000000.000000,-0.008596811,0.008596811,0.006075415,1.000699702701,-9.282620893194,-0.002521396
6367000000.000000,-0.013217423,0.013217423,0.007362246,1.000847969188,-9.292961969013,-0.005855177
6368000000.000000,-0.018771060,0.018771060,0.008648589,1.000996201476,-9.303303044831,-0.010122471
6369000000.000000,-0.023478262,0.023478262,0.009934038,1.001144352628,-9.313644120649,-0.013544224
6370000000.000000,-0.021924952,0.021924952,0.011218181,1.001292375212,-9.323985196467,-0.010706771
6371000000.000000,-0.032545255,0.032545255,0.012500604,1.001440221305,-9.334326272285,-0.020044651
6372000000.000000,-0.031226796,0.031226796,0.013780887,1.001587842497,-9.344667348103,-0.017445909
6373000000.000000,-0.031241113,0.031241113,0.015058607,1.001735189896,-9.355008423921,-0.016182506
6374000000.000000,-0.024270477,0.024270477,0.016333338,1.001882214129,-9.365349499739,-0.007937139
6375000000.000000,-0.018656094,0.018656094,0.017604648,1.002028865350,-9.375690575557,-0.001051446
6376000000.000000,-0.020487440,0.020487440,0.018872103,1.002175093244,-9.386031651375,-0.001615337
6377000000.000000,-0.026404180,0.026404180,0.020135265,1.002320847026,-9.396372727193,-0.006268915
6378000000.000000,-0.025761605,0.025761605,0.021393691,1.002466075452,-9.406713803011,-0.004367914
6379000000.000000,-0.022633657,0.022633657,0.022646935,1.002610726821,-9.417054878829,0.000013278
6380000000.000000,-0.033891750,0.033891750,0.023894549,1.002754748979,-9.427395954647,-0.009997201
6381000000.000000,-0.026530217,0.026530217,0.025136078,1.002898089323,-9.437737030465,-0.001394139
6382000000.000000,-0.040281111,0.040281111,0.026371067,1.003040694810,-9.448078106283,-0.013910044
6383000000.000000,-0.029686514,0.029686514,0.027599054,1.003182511958,-9.458419182102,-0.002087460
6384000000.000000,-0.038451282,0.038451282,0.028819576,1.003323486851,-9.468760257920,-0.009631706
6385000000.000000,-0.036259010,0.036259010,0.030032165,1.003463565148,-9.479101333738,-0.006226845
6386000000.000000,-0.037550944,0.037550944,0.031236352,1.003602692085,-9.489442409556,-0.006314592
6387000000.000000,-0.035838347,0.035838347,0.032431662,1.003740812482,-9.499783485374,-0.003406685
6388000000.000000,-0.038188100,0.038188100,0.033617617,1.003877870746,-9.510124561192,-0.004570483
6389000000.000000,-0.053760805,0.053760805,0.034793737,1.004013810880,-9.520465637010,-0.018967068
6390000000.000000,-0.043649121,0.043649121,0.035959539,1.004148576487,-9.530806712828,-0.007689582
6391000000.000000,-0.052730973,0.052730973,0.037114534,1.004282110778,-9.541147788646,-0.015616439
6392000000.000000,-0.049119672,0.049119672,0.038258233,1.004414356573,-9.551488864464,-0.010861439
6393000000.000000,-0.056769624,0.056769624,0.039390143,1.004545256312,-9.561829940282,-0.017379481
6394000000.000000,-0.050204309,0.050204309,0.040509768,1.004674752060,-9.572171016100,-0.009694541
6395000000.000000,-0.045935442,0.045935442,0.041616607,1.004802785511,-9.582512091918,-0.004318835
6396000000.000000,-0.052390134,0.052390134,0.042710159,1.004929297997,-9.592853167736,-0.009679975
6397000000.000000,-0.044906338,0.044906338,0.043789919,1.005054230493,-9.603194243555,-0.001116419
6398000000.000000,-0.064381931,0.064381931,0.044855379,1.005177523626,-9.613535319373,-0.019526552
6399000000.000000,-0.057263259,0.057263259,0.045906028,1.005299117677,-9.623876395191,-0.011357231
6400000000.000000,-0.063610850,0.063610850,0.046941352,1.005418952593,-9.634217471009,-0.016669498
6401000000.000000,-0.057493129,0.057493129,0.047960836,1.005536967991,-9.644558546827,-0.009532293
6402000000.000000,-0.053821921,0.053821921,0.048963961,1.005653103164,-9.654899622645,-0.004857960
6403000000.000000,-0.064371807,0.064371807,0.049950205,1.005767297092,-9.665240698463,-0.014421602
6404000000.000000,-0.062655792,0.062655792,0.050919045,1.005879488444,-9.675581774281,-0.011736747
6405000000.000000,-0.070646152,0.070646152,0.051869954,1.005989615592,-9.685922850099,-0.018776198
6406000000.000000,-0.064192636,0.064192636,0.052802404,1.006097616611,-9.696263925917,-0.011390232
6407000000.000000,-0.064422654,0.064422654,0.053715863,1.006203429291,-9.706605001735,-0.010706791
6408000000.000000,-0.049207854,0.049207854,0.054609798,1.006306991146,-9.716946077553,0.005401944
6409000000.000000,-0.062474203,0.062474203,0.055483673,1.006408239417,-9.727287153371,-0.006990530
6410000000.000000,-0.067990690,0.067990690,0.056336951,1.006507111082,-9.737628229189,-0.011653739
6411000000.000000,-0.061372314,0.061372314,0.057169092,1.006603542865,-9.747969305007,-0.004203222
6412000000.000000,-0.063983135,0.063983135,0.057979554,1.006697471244,-9.758310380825,-0.006003581
6413000000.000000,-0.066843281,0.066843281,0.058767792,1.006788832456,-9.768651456644,-0.008075489
6414000000.000000,-0.065203379,0.065203379,0.059533261,1.006877562509,-9.778992532462,-0.005670118
6415000000.000000,-0.060492923,0.060492923,0.060275413,1.006963597189,-9.789333608280,-0.000217510
6416000000.000000,-0.071091272,0.071091272,0.060993697,1.007046872066,-9.799674684098,-0.010097575
6417000000.000000,-0.071162664,0.071162664,0.061687563,1.007127322507,-9.810015759916,-0.009475101
6418000000.000000,-0.068973599,0.068973599,0.062356458,1.007204883680,-9.820356835734,-0.006617141
6419000000.000000,-0.072743359,0.072743359,0.062999826,1.007279490565,-9.830697911552,-0.009743533
6420000000.000000,-0.068005757,0.068005757,0.063617110,1.007351077965,-9.841038987370,-0.004388647
6421000000.000000,-0.068656663,0.068656663,0.064207754,1.007419580510,-9.851380063188,-0.004448909
6422000000.000000,-0.069739374,0.069739374,0.064771196,1.007484932668,-9.861721139006,-0.004968178
6423000000.000000,-0.063027112,0.063027112,0.065306877,1.007547068755,-9.872062214824,0.002279765
6424000000.000000,-0.062792383,0.062792383,0.065814234,1.007605922945,-9.882403290642,0.003021851
6425000000.000000,-0.070036427,0.070036427,0.066292704,1.007661429274,-9.892744366460,-0.003743723
6426000000.000000,-0.075016002,0.075016002,0.066741721,1.007713521656,-9.903085442278,-0.008274281
6427000000.000000,-0.077493817,0.077493817,0.067160719,1.007762133889,-9.913426518096,-0.010333098
6428000000.000000,-0.059175068,0.059175068,0.067549132,1.007807199662,-9.923767593915,0.008374064
6429000000.000000,-0.075793679,0.075793679,0.067906390,1.007848652571,-9.934108669733,-0.007887289
6430000000.000000,-0.057537488,0.057537488,0.068231926,1.007886426122,-9.944449745551,0.010694438
6431000000.000000,-0.077498802,0.077498802,0.068525169,1.007920453745,-9.954790821369,-0.008973633
6432000000.000000,-0.071528806,0.071528806,0.068785547,1.007950668803,-9.965131897187,-0.002743259
6433000000.000000,-0.062951076,0.062951076,0.069012490,1.007977004598,-9.975472973005,0.006061414
6434000000.000000,-0.057460106,0.057460106,0.069205424,1.007999394388,-9.985814048823,0.011745318
6435000000.000000,-0.069666751,0.069666751,0.069363776,1.008017771391,-9.996155124641,-0.000302975
6436000000.000000,-0.068956060,0.068956060,0.069486973,1.008032068799,-10.006496200459,0.000530913
6437000000.000000,-0.068823323,0.068823323,0.069574441,1.008042219784,-10.016837276277,0.000751118
6438000000.000000,-0.070193392,0.070193392,0.069625603,1.008048157513,-10.027178352095,-0.000567789
6439000000.000000,-0.060485080,0.060485080,0.069639886,1.008049815155,-10.037519427913,0.009154806
6440000000.000000,-0.063029791,0.063029791,0.069616714,1.008047125892,-10.047860503731,0.006586923
6441000000.000000,-0.064605448,0.064605448,0.069555511,1.008040022932,-10.058201579549,0.004950063
6442000000.000000,-0.057915500,0.057915500,0.069455701,1.008028439516,-10.068542655367,0.011540201
6443000000.000000,-0.072893576,0.072893576,0.069316707,1.008012308929,-10.078883731186,-0.003576869
6444000000.000000,-0.060334933,0.060334933,0.069137954,1.007991564514,-10.089224807004,0.008803021
6445000000.000000,-0.051632274,0.051632274,0.068918864,1.007966139679,-10.099565882822,0.017286590
6446000000.000000,-0.052642612,0.052642612,0.068658863,1.007935967911,-10.109906958640,0.016016251
6447000000.000000,-0.072611830,0.072611830,0.068357373,1.007900982783,-10.120248034458,-0.004254457
6448000000.000000,-0.059944706,0.059944706,0.068013820,1.007861117969,-10.130589110276,0.008069114
6449000000.000000,-0.056782280,0.056782280,0.067627626,1.007816307252,-10.140930186094,0.010845346
6450000000.000000,-0.059121389,0.059121389,0.067198217,1.007766484538,-10.151271261912,0.008076828
6451000000.000000,-0.058608354,0.058608354,0.066725018,1.007711583864,-10.161612337730,0.008116664
6452000000.000000,-0.053484233,0.053484233,0.066207454,1.007651539410,-10.171953413548,0.012723221
6453000000.000000,-0.051608207,0.051608207,0.065644952,1.007586285513,-10.182294489366,0.014036745
6454000000.000000,-0.059377108,0.059377108,0.065036937,1.007515756674,-10.192635565184,0.005659829
6455000000.000000,-0.061097268,0.061097268,0.064382838,1.007439887573,-10.202976641002,0.003285570
6456000000.000000,-0.056353775,0.056353775,0.063682082,1.007358613079,-10.213317716820,0.007328307
6457000000.000000,-0.054198928,0.054198928,0.062934097,1.007271868260,-10.223658792638,0.008735169
6458000000.000000,-0.062890074,0.062890074,0.062138315,1.007179588396,-10.233999868457,-0.000751759
6459000000.000000,-0.042161828,0.042161828,0.061294164,1.007081708994,-10.244340944275,0.019132336
6460000000.000000,-0.053164942,0.053164942,0.060401078,1.006978165791,-10.254682020093,0.007236136
6461000000.000000,-0.045454221,0.045454221,0.059458488,1.006868894775,-10.265023095911,0.014004267
6462000000.000000,-0.039853629,0.039853629,0.058465828,1.006753832190,-10.275364171729,0.018612199
6463000000.000000,-0.045782275,0.045782275,0.057422534,1.006632914552,-10.285705247547,0.011640259
6464000000.000000,-0.038161771,0.038161771,0.056328042,1.006506078657,-10.296046323365,0.018166271
6465000000.000000,-0.040360959,0.040360959,0.055181789,1.006373261597,-10.306387399183,0.014820830
6466000000.000000,-0.049511069,0.049511069,0.053983215,1.006234400769,-10.316728475001,0.004472146
6467000000.000000,-0.046950063,0.046950063,0.052731760,1.006089433888,-10.327069550819,0.005781697
6468000000.000000,-0.036925753,0.036925753,0.051426866,1.005938298999,-10.337410626637,0.014501113
6469000000.000000,-0.037865300,0.037865300,0.050067978,1.005780934486,-10.347751702455,0.012202678
6470000000.000000,-0.039877030,0.039877030,0.048654541,1.005617279092,-10.358092778273,0.008777511
6471000000.000000,-0.041288300,0.041288300,0.047186002,1.005447271920,-10.368433854091,0.005897702
6472000000.000000,-0.040238257,0.040238257,0.045661810,1.005270852456,-10.378774929909,0.005423553
6473000000.000000,-0.034658687,0.034658687,0.044081417,1.005087960573,-10.389116005728,0.009422730
6474000000.000000,-0.029244306,0.029244306,0.042444275,1.004898536546,-10.399457081546,0.013199969
6475000000.000000,-0.043694753,0.043694753,0.040749840,1.004702521067,-10.409798157364,-0.002944913
6476000000.000000,-0.034246282,0.034246282,0.038997570,1.004499855252,-10.420139233182,0.004751288
6477000000.000000,-0.025000673,0.025000673,0.037186924,1.004290480658,-10.430480309000,0.012186251
6478000000.000000,-0.035187750,0.035187750,0.035317363,1.004074339290,-10.440821384818,0.000129613
6479000000.000000,-0.026620798,0.026620798,0.033388352,1.003851373619,-10.451162460636,0.006767554
6480000000.000000,-0.030880643,0.030880643,0.031399358,1.003621526592,-10.461503536454,0.000518715
6481000000.000000,-0.027065200,0.027065200,0.029349849,1.003384741641,-10.471844612272,0.002284649
6482000000.000000,-0.027068568,0.027068568,0.027239299,1.003140962702,-10.482185688090,0.000170731
6483000000.000000,-0.022594711,0.022594711,0.025067181,1.002890134221,-10.492526763908,0.002472470
6484000000.000000,-0.024946861,0.024946861,0.022832972,1.002632201169,-10.502867839726,-0.002113889
6485000000.000000,-0.015206355,0.015206355,0.020536152,1.002367109057,-10.513208915544,0.005329797
6486000000.000000,-0.022330603,0.022330603,0.018176205,1.002094803943,-10.523549991362,-0.004154398
6487000000.000000,-0.030639617,0.030639617,0.015752616,1.001815232447,-10.533891067180,-0.014887001
6488000000.000000,-0.003652032,0.003652032,0.013264874,1.001528341767,-10.544232142999,0.009612842
6489000000.000000,-0.027630280,0.027630280,0.010712471,1.001234079683,-10.554573218817,-0.016917809
6490000000.000000,-0.015957576,0.015957576,0.008094903,1.000932394578,-10.564914294635,-0.007862673
6491000000.000000,0.002061139,-0.002061139,0.005411668,1.000623235446,-10.575255370453,0.007472807
6492000000.000000,-0.006701194,0.006701194,0.002662268,1.000306551903,-10.585596446271,-0.004038926
6493000000.000000,-0.013075935,0.013075935,-0.000153792,0.999982294205,-10.595937522089,-0.013229727
6494000000.000000,-0.021281402,0.021281402,-0.003037003,0.999650413253,-10.606278597907,-0.024318405
6495000000.000000,0.001099311,-0.001099311,-0.005987852,0.999310860613,-10.616619673725,-0.004888541
6496000000.000000,-0.010400934,0.010400934,-0.009006824,0.998963588521,-10.626960749543,-0.019407758
6497000000.000000,0.015164751,-0.015164751,-0.012094398,0.998608549903,-10.637301825361,0.003070353
6498000000.000000,-0.006503704,0.006503704,-0.015251052,0.998245698379,-10.647642901179,-0.021754756
6499000000.000000,-0.000696269,0.000696269,-0.018477256,0.997874988283,-10.657983976997,-0.019173525
6500000000.000000,0.012691156,-0.012691156,-0.021773481,0.997496374672,-10.668325052815,-0.009082325
