freq_hz,h1_db,h2_target_db,h2_target_linear,htotal_target_db
3500000000.000000,0.103964771,-0.103964771,0.988101961564,0.000000000
3501000000.000000,0.100674489,-0.100674489,0.988476333113,0.000000000
3502000000.000000,0.111903841,-0.111903841,0.987199230008,0.000000000
3503000000.000000,0.109530580,-0.109530580,0.987469001055,0.000000000
3504000000.000000,0.108729700,-0.108729700,0.987560054553,0.000000000
3505000000.000000,0.108159292,-0.108159292,0.987624910391,0.000000000
3506000000.000000,0.110152797,-0.110152797,0.987398265872,0.000000000
3507000000.000000,0.115975720,-0.115975720,0.986736546977,0.000000000
3508000000.000000,0.108172066,-0.108172066,0.987623457930,0.000000000
3509000000.000000,0.114010028,-0.114010028,0.986959879268,0.000000000
3510000000.000000,0.112655188,-0.112655188,0.987113838974,0.000000000
3511000000.000000,0.116979841,-0.116979841,0.986622483172,0.000000000
3512000000.000000,0.112960163,-0.112960163,0.987079180491,0.000000000
3513000000.000000,0.114301419,-0.114301419,0.986926769660,0.000000000
3514000000.000000,0.116667960,-0.116667960,0.986657910094,0.000000000
3515000000.000000,0.110457549,-0.110457549,0.987363622752,0.000000000
3516000000.000000,0.116752322,-0.116752322,0.986648327192,0.000000000
3517000000.000000,0.116273340,-0.116273340,0.986702737257,0.000000000
3518000000.000000,0.117651833,-0.117651833,0.986546155151,0.000000000
3519000000.000000,0.121641687,-0.121641687,0.986093090308,0.000000000
3520000000.000000,0.116272327,-0.116272327,0.986702852332,0.000000000
3521000000.000000,0.112165773,-0.112165773,0.987169460442,0.000000000
3522000000.000000,0.117957445,-0.117957445,0.986511444252,0.000000000
3523000000.000000,0.114149390,-0.114149390,0.986944043976,0.000000000
3524000000.000000,0.115226732,-0.115226732,0.986821637363,0.000000000
3525000000.000000,0.121006466,-0.121006466,0.986165208418,0.000000000
3526000000.000000,0.118543830,-0.118543830,0.986444847045,0.000000000
3527000000.000000,0.114411386,-0.114411386,0.986914274833,0.000000000
3528000000.000000,0.111955574,-0.111955574,0.987193350285,0.000000000
3529000000.000000,0.111236500,-0.111236500,0.987275079905,0.000000000
3530000000.000000,0.117139683,-0.117139683,0.986604327029,0.000000000
3531000000.000000,0.111922927,-0.111922927,0.987197060782,0.000000000
3532000000.000000,0.112325738,-0.112325738,0.987151280253,0.000000000
3533000000.000000,0.114339565,-0.114339565,0.986922435363,0.000000000
3534000000.000000,0.107365930,-0.107365930,0.987715123356,0.000000000
3535000000.000000,0.102090804,-0.102090804,0.988315166004,0.000000000
3536000000.000000,0.115848254,-0.115848254,0.986751027507,0.000000000
3537000000.000000,0.111118279,-0.111118279,0.987288517497,0.000000000
3538000000.000000,0.103468162,-0.103468162,0.988158457142,0.000000000
3539000000.000000,0.104207135,-0.104207135,0.988074390756,0.000000000
3540000000.000000,0.100381591,-0.100381591,0.988509666212,0.000000000
3541000000.000000,0.102527407,-0.102527407,0.988265488822,0.000000000
3542000000.000000,0.104535104,-0.104535104,0.988037082930,0.000000000
3543000000.000000,0.104449819,-0.104449819,0.988046784315,0.000000000
3544000000.000000,0.099977515,-0.099977515,0.988555653709,0.000000000
3545000000.000000,0.098358846,-0.098358846,0.988739894307,0.000000000
3546000000.000000,0.093023879,-0.093023879,0.989347375545,0.000000000
3547000000.000000,0.098291526,-0.098291526,0.988747557567,0.000000000
3548000000.000000,0.091283784,-0.091283784,0.989545597137,0.000000000
3549000000.000000,0.089912895,-0.089912895,0.989701788879,0.000000000
3550000000.000000,0.087533479,-0.087533479,0.989972945312,0.000000000
3551000000.000000,0.085268103,-0.085268103,0.990231174869,0.000000000
3552000000.000000,0.084938455,-0.084938455,0.990268756963,0.000000000
3553000000.000000,0.086851375,-0.086851375,0.990050691064,0.000000000
3554000000.000000,0.083272775,-0.083272775,0.990458677524,0.000000000
3555000000.000000,0.078303119,-0.078303119,0.991025533370,0.000000000
3556000000.000000,0.074621982,-0.074621982,0.991445625503,0.000000000
3557000000.000000,0.071056561,-0.071056561,0.991852681869,0.000000000
3558000000.000000,0.085289787,-0.085289787,0.990228702797,0.000000000
3559000000.000000,0.061158263,-0.061158263,0.992983625269,0.000000000
3560000000.000000,0.072047466,-0.072047466,0.991739535633,0.000000000
3561000000.000000,0.068413808,-0.068413808,0.992154507078,0.000000000
3562000000.000000,0.062907830,-0.062907830,0.992783632350,0.000000000
3563000000.000000,0.064077422,-0.064077422,0.992649958809,0.000000000
3564000000.000000,0.058400792,-0.058400792,0.993298913437,0.000000000
3565000000.000000,0.052879325,-0.052879325,0.993930536789,0.000000000
3566000000.000000,0.057394455,-0.057394455,0.993414002552,0.000000000
3567000000.000000,0.055996082,-0.055996082,0.993573948765,0.000000000
3568000000.000000,0.056645520,-0.056645520,0.993499662700,0.000000000
3569000000.000000,0.045919595,-0.045919595,0.994727261199,0.000000000
3570000000.000000,0.050554469,-0.050554469,0.994196606788,0.000000000
3571000000.000000,0.050420062,-0.050420062,0.994211991282,0.000000000
3572000000.000000,0.041177475,-0.041177475,0.995270487528,0.000000000
3573000000.000000,0.045400008,-0.045400008,0.994786767229,0.000000000
3574000000.000000,0.039727024,-0.039727024,0.995436700970,0.000000000
3575000000.000000,0.034504129,-0.034504129,0.996035445027,0.000000000
3576000000.000000,0.039561414,-0.039561414,0.995455680701,0.000000000
3577000000.000000,0.039402694,-0.039402694,0.995473871142,0.000000000
3578000000.000000,0.030805528,-0.030805528,0.996459664341,0.000000000
3579000000.000000,0.027494101,-0.027494101,0.996839629163,0.000000000
3580000000.000000,0.029588926,-0.029588926,0.996599244716,0.000000000
3581000000.000000,0.028614501,-0.028614501,0.996711054298,0.000000000
3582000000.000000,0.022920354,-0.022920354,0.997364675309,0.000000000
3583000000.000000,0.028606185,-0.028606185,0.996712008564,0.000000000
3584000000.000000,0.018006047,-0.018006047,0.997929124457,0.000000000
3585000000.000000,0.020178759,-0.020178759,0.997679530977,0.000000000
3586000000.000000,0.014955483,-0.014955483,0.998279667860,0.000000000
3587000000.000000,0.014061978,-0.014061978,0.998382364739,0.000000000
3588000000.000000,0.013032103,-0.013032103,0.998500748697,0.000000000
3589000000.000000,0.011025253,-0.011025253,0.998731476097,0.000000000
3590000000.000000,0.012355188,-0.012355188,0.998578567608,0.000000000
3591000000.000000,0.009899270,-0.009899270,0.998860953630,0.000000000
3592000000.000000,0.005529120,-0.005529120,0.999363639099,0.000000000
3593000000.000000,0.003297971,-0.003297971,0.999620379131,0.000000000
3594000000.000000,0.002985694,-0.002985694,0.999656318347,0.000000000
3595000000.000000,-0.000895656,0.000895656,1.000103121524,0.000000000
3596000000.000000,0.000558918,-0.000558918,0.999935654258,0.000000000
3597000000.000000,-0.002970468,0.002970468,1.000342046251,0.000000000
3598000000.000000,-0.009839777,0.009839777,1.001133488105,0.000000000
3599000000.000000,-0.002983830,0.002983830,1.000343585136,0.000000000
3600000000.000000,-0.009568068,0.009568068,1.001102171482,0.000000000
3601000000.000000,-0.006365081,0.006365081,1.000733075600,0.000000000
3602000000.000000,-0.013680916,0.013680916,1.001576314742,0.000000000
3603000000.000000,-0.012163989,0.012163989,1.001401412049,0.000000000
3604000000.000000,-0.017453470,0.017453470,1.002011425199,0.000000000
3605000000.000000,-0.017857606,0.017857606,1.002058047748,0.000000000
3606000000.000000,-0.014936812,0.014936812,1.001721143503,0.000000000
3607000000.000000,-0.020856763,0.020856763,1.002404108825,0.000000000
3608000000.000000,-0.019253840,0.019253840,1.002219138900,0.000000000
3609000000.000000,-0.025228719,0.025228719,1.002908785946,0.000000000
3610000000.000000,-0.019495783,0.019495783,1.002247055820,0.000000000
3611000000.000000,-0.024826824,0.024826824,1.002862382559,0.000000000
3612000000.000000,-0.019657589,0.019657589,1.002265726457,0.000000000
3613000000.000000,-0.024827991,0.024827991,1.002862517299,0.000000000
3614000000.000000,-0.025385694,0.025385694,1.002926911093,0.000000000
3615000000.000000,-0.020585351,0.020585351,1.002372786731,0.000000000
3616000000.000000,-0.031756294,0.031756294,1.003662770066,0.000000000
3617000000.000000,-0.021334127,0.021334127,1.002459201027,0.000000000
3618000000.000000,-0.031514923,0.031514923,1.003634879806,0.000000000
3619000000.000000,-0.025879791,0.025879791,1.002983964233,0.000000000
3620000000.000000,-0.029390541,0.029390541,1.003389442292,0.000000000
3621000000.000000,-0.025773227,0.025773227,1.002971659065,0.000000000
3622000000.000000,-0.030244116,0.030244116,1.003488051676,0.000000000
3623000000.000000,-0.024147769,0.024147769,1.002783982749,0.000000000
3624000000.000000,-0.029581817,0.029581817,1.003411538639,0.000000000
3625000000.000000,-0.021587693,0.021587693,1.002488466109,0.000000000
3626000000.000000,-0.028354770,0.028354770,1.003269797700,0.000000000
3627000000.000000,-0.019797552,0.019797552,1.002281876933,0.000000000
3628000000.000000,-0.031209978,0.031209978,1.003599644720,0.000000000
3629000000.000000,-0.025823069,0.025823069,1.002977414406,0.000000000
3630000000.000000,-0.020099802,0.020099802,1.002316754761,0.000000000
3631000000.000000,-0.022502227,0.022502227,1.002594023294,0.000000000
3632000000.000000,-0.023029919,0.023029919,1.002654935525,0.000000000
3633000000.000000,-0.021862057,0.021862057,1.002520132536,0.000000000
3634000000.000000,-0.026567973,0.026567973,1.003063433681,0.000000000
3635000000.000000,-0.019936820,0.019936820,1.002297947470,0.000000000
3636000000.000000,-0.025675645,0.025675645,1.002960391200,0.000000000
3637000000.000000,-0.025734127,0.025734127,1.002967144145,0.000000000
3638000000.000000,-0.015461998,0.015461998,1.001781713674,0.000000000
3639000000.000000,-0.023177577,0.023177577,1.002671980559,0.000000000
3640000000.000000,-0.016888201,0.016888201,1.001946217421,0.000000000
3641000000.000000,-0.020578050,0.020578050,1.002371944178,0.000000000
3642000000.000000,-0.018080197,0.018080197,1.002083727554,0.000000000
3643000000.000000,-0.019586323,0.019586323,1.002257503100,0.000000000
3644000000.000000,-0.011533258,0.011533258,1.001328697334,0.000000000
3645000000.000000,-0.011711138,0.011711138,1.001349203947,0.000000000
3646000000.000000,-0.009539083,0.009539083,1.001098830788,0.000000000
3647000000.000000,-0.007796673,0.007796673,1.000898028137,0.000000000
3648000000.000000,-0.012862006,0.012862006,1.001481890080,0.000000000
3649000000.000000,0.002595562,-0.002595562,0.999701219525,0.000000000
3650000000.000000,0.000036918,-0.000036918,0.999995749667,0.000000000
3651000000.000000,-0.005637859,0.005637859,1.000649293204,0.000000000
3652000000.000000,0.001216334,-0.001216334,0.999859974178,0.000000000
3653000000.000000,0.000748950,-0.000748950,0.999913777662,0.000000000
3654000000.000000,0.001322631,-0.001322631,0.999847738072,0.000000000
3655000000.000000,-0.003513358,0.003513358,1.000404572105,0.000000000
3656000000.000000,-0.000606095,0.000606095,1.000069781700,0.000000000
3657000000.000000,0.005389001,-0.005389001,0.999379760759,0.000000000
3658000000.000000,0.012761908,-0.012761908,0.998531809891,0.000000000
3659000000.000000,0.016895147,-0.016895147,0.998056764850,0.000000000
3660000000.000000,0.015042996,-0.015042996,0.998269609937,0.000000000
3661000000.000000,0.014019410,-0.014019410,0.998387257645,0.000000000
3662000000.000000,0.014619927,-0.014619927,0.998318234457,0.000000000
3663000000.000000,0.014168746,-0.014168746,0.998370092578,0.000000000
3664000000.000000,0.026312655,-0.026312655,0.996975227512,0.000000000
3665000000.000000,0.018054991,-0.018054991,0.997923501256,0.000000000
3666000000.000000,0.022745223,-0.022745223,0.997384785078,0.000000000
3667000000.000000,0.030937547,-0.030937547,0.996444519018,0.000000000
3668000000.000000,0.033273845,-0.033273845,0.996176535153,0.000000000
3669000000.000000,0.020966695,-0.020966695,0.997589031098,0.000000000
3670000000.000000,0.028393502,-0.028393502,0.996736414389,0.000000000
3671000000.000000,0.036612509,-0.036612509,0.995793700492,0.000000000
3672000000.000000,0.037753234,-0.037753234,0.995662930677,0.000000000
3673000000.000000,0.038274107,-0.038274107,0.995603224831,0.000000000
3674000000.000000,0.039830394,-0.039830394,0.995424854437,0.000000000
3675000000.000000,0.040468156,-0.040468156,0.995351767987,0.000000000
3676000000.000000,0.040956685,-0.040956685,0.995295787017,0.000000000
3677000000.000000,0.050806364,-0.050806364,0.994167775023,0.000000000
3678000000.000000,0.051987977,-0.051987977,0.994032539404,0.000000000
3679000000.000000,0.057063223,-0.057063223,0.993451886614,0.000000000
3680000000.000000,0.056376774,-0.056376774,0.993530402579,0.000000000
3681000000.000000,0.059359256,-0.059359256,0.993189311684,0.000000000
3682000000.000000,0.057119635,-0.057119635,0.993445434491,0.000000000
3683000000.000000,0.065483688,-0.065483688,0.992489259451,0.000000000
3684000000.000000,0.068950118,-0.068950118,0.992093248418,0.000000000
3685000000.000000,0.065258583,-0.065258583,0.992514981306,0.000000000
3686000000.000000,0.066969735,-0.066969735,0.992319471486,0.000000000
3687000000.000000,0.072291057,-0.072291057,0.991711723232,0.000000000
3688000000.000000,0.075715275,-0.075715275,0.991320840088,0.000000000
3689000000.000000,0.066929701,-0.066929701,0.992324045181,0.000000000
3690000000.000000,0.072992617,-0.072992617,0.991631625832,0.000000000
3691000000.000000,0.075381437,-0.075381437,0.991358941761,0.000000000
3692000000.000000,0.081626013,-0.081626013,0.990646476864,0.000000000
3693000000.000000,0.086638903,-0.086638903,0.990074909726,0.000000000
3694000000.000000,0.083853085,-0.083853085,0.990392506539,0.000000000
3695000000.000000,0.076711000,-0.076711000,0.991207204478,0.000000000
3696000000.000000,0.081909275,-0.081909275,0.990614170682,0.000000000
3697000000.000000,0.085203147,-0.085203147,0.990238580178,0.000000000
3698000000.000000,0.084490691,-0.084490691,0.990319807362,0.000000000
3699000000.000000,0.091267450,-0.091267450,0.989547458001,0.000000000
3700000000.000000,0.097794045,-0.097794045,0.988804189326,0.000000000
3701000000.000000,0.094893099,-0.094893099,0.989134489012,0.000000000
3702000000.000000,0.094114088,-0.094114088,0.989223205451,0.000000000
3703000000.000000,0.105340519,-0.105340519,0.987945469633,0.000000000
3704000000.000000,0.107650583,-0.107650583,0.987682754597,0.000000000
3705000000.000000,0.100941432,-0.100941432,0.988445954787,0.000000000
3706000000.000000,0.111970702,-0.111970702,0.987191630916,0.000000000
3707000000.000000,0.100657024,-0.100657024,0.988478320676,0.000000000
3708000000.000000,0.101642301,-0.101642301,0.988366199781,0.000000000
3709000000.000000,0.104321519,-0.104321519,0.988061378944,0.000000000
3710000000.000000,0.112976257,-0.112976257,0.987077351543,0.000000000
3711000000.000000,0.111727874,-0.111727874,0.987219229830,0.000000000
3712000000.000000,0.115425085,-0.115425085,0.986799102331,0.000000000
3713000000.000000,0.105854328,-0.105854328,0.987887029993,0.000000000
3714000000.000000,0.116422269,-0.116422269,0.986685819313,0.000000000
3715000000.000000,0.110541735,-0.110541735,0.987354053002,0.000000000
3716000000.000000,0.117478128,-0.117478128,0.986565884818,0.000000000
3717000000.000000,0.118051187,-0.118051187,0.986500797437,0.000000000
3718000000.000000,0.110718611,-0.110718611,0.987333947121,0.000000000
3719000000.000000,0.115737658,-0.115737658,0.986763591725,0.000000000
3720000000.000000,0.115499814,-0.115499814,0.986790612447,0.000000000
3721000000.000000,0.124054074,-0.124054074,0.985819254474,0.000000000
3722000000.000000,0.124702592,-0.124702592,0.985745652610,0.000000000
3723000000.000000,0.120769340,-0.120769340,0.986192131234,0.000000000
3724000000.000000,0.123967806,-0.123967806,0.985829045650,0.000000000
3725000000.000000,0.112221354,-0.112221354,0.987163143565,0.000000000
3726000000.000000,0.125252303,-0.125252303,0.985683268893,0.000000000
3727000000.000000,0.121588650,-0.121588650,0.986099111520,0.000000000
3728000000.000000,0.121647900,-0.121647900,0.986092384958,0.000000000
3729000000.000000,0.123894169,-0.123894169,0.985837403320,0.000000000
3730000000.000000,0.120488350,-0.120488350,0.986224035232,0.000000000
3731000000.000000,0.132718919,-0.132718919,0.984836314076,0.000000000
3732000000.000000,0.127111960,-0.127111960,0.985472255784,0.000000000
3733000000.000000,0.121273340,-0.121273340,0.986134908953,0.000000000
3734000000.000000,0.122813829,-0.122813829,0.985960028159,0.000000000
3735000000.000000,0.124921886,-0.124921886,0.985720765651,0.000000000
3736000000.000000,0.117533217,-0.117533217,0.986559627687,0.000000000
3737000000.000000,0.113876913,-0.113876913,0.986975004969,0.000000000
3738000000.000000,0.121634174,-0.121634174,0.986093943246,0.000000000
3739000000.000000,0.121995475,-0.121995475,0.986052926225,0.000000000
3740000000.000000,0.119959115,-0.119959115,0.986284128118,0.000000000
3741000000.000000,0.119043461,-0.119043461,0.986388106254,0.000000000
3742000000.000000,0.119632323,-0.119632323,0.986321236099,0.000000000
3743000000.000000,0.124284796,-0.124284796,0.985793068651,0.000000000
3744000000.000000,0.119855736,-0.119855736,0.986295866890,0.000000000
3745000000.000000,0.116750763,-0.116750763,0.986648504282,0.000000000
3746000000.000000,0.113488407,-0.113488407,0.987019151775,0.000000000
3747000000.000000,0.115961240,-0.115961240,0.986738191939,0.000000000
3748000000.000000,0.114843287,-0.114843287,0.986865202293,0.000000000
3749000000.000000,0.109386523,-0.109386523,0.987485378537,0.000000000
3750000000.000000,0.115226528,-0.115226528,0.986821660540,0.000000000
3751000000.000000,0.109474800,-0.109474800,0.987475342512,0.000000000
3752000000.000000,0.110969742,-0.110969742,0.987305401217,0.000000000
3753000000.000000,0.104931693,-0.104931693,0.987991971179,0.000000000
3754000000.000000,0.105823187,-0.105823187,0.987890571812,0.000000000
3755000000.000000,0.106898524,-0.106898524,0.987768275815,0.000000000
3756000000.000000,0.105406122,-0.105406122,0.987938007882,0.000000000
3757000000.000000,0.103374239,-0.103374239,0.988169142439,0.000000000
3758000000.000000,0.102890483,-0.102890483,0.988224179526,0.000000000
3759000000.000000,0.095007832,-0.095007832,0.989121423497,0.000000000
3760000000.000000,0.093979550,-0.093979550,0.989238527905,0.000000000
3761000000.000000,0.095946010,-0.095946010,0.989014592547,0.000000000
3762000000.000000,0.100340274,-0.100340274,0.988514368362,0.000000000
3763000000.000000,0.095182461,-0.095182461,0.989101537503,0.000000000
3764000000.000000,0.092596663,-0.092596663,0.989396037851,0.000000000
3765000000.000000,0.097556006,-0.097556006,0.988831288126,0.000000000
3766000000.000000,0.087446503,-0.087446503,0.989982858438,0.000000000
3767000000.000000,0.080308210,-0.080308210,0.990796786848,0.000000000
3768000000.000000,0.083116490,-0.083116490,0.990476498983,0.000000000
3769000000.000000,0.082911320,-0.082911320,0.990499895373,0.000000000
3770000000.000000,0.085027940,-0.085027940,0.990258554929,0.000000000
3771000000.000000,0.073681506,-0.073681506,0.991552981380,0.000000000
3772000000.000000,0.076643390,-0.076643390,0.991214919955,0.000000000
3773000000.000000,0.068895176,-0.068895176,0.992099523856,0.000000000
3774000000.000000,0.077957806,-0.077957806,0.991064932995,0.000000000
3775000000.000000,0.072124288,-0.072124288,0.991730764271,0.000000000
3776000000.000000,0.064676500,-0.064676500,0.992581496709,0.000000000
3777000000.000000,0.068067835,-0.068067835,0.992194026980,0.000000000
3778000000.000000,0.060557986,-0.060557986,0.993052252186,0.000000000
3779000000.000000,0.060634238,-0.060634238,0.993043534382,0.000000000
3780000000.000000,0.064158119,-0.064158119,0.992640736553,0.000000000
3781000000.000000,0.064225034,-0.064225034,0.992633089403,0.000000000
3782000000.000000,0.059822601,-0.059822601,0.993136331846,0.000000000
3783000000.000000,0.049966814,-0.049966814,0.994263872709,0.000000000
3784000000.000000,0.049999158,-0.049999158,0.994260170335,0.000000000
3785000000.000000,0.047037856,-0.047037856,0.994599203723,0.000000000
3786000000.000000,0.058109638,-0.058109638,0.993332209715,0.000000000
3787000000.000000,0.045673402,-0.045673402,0.994755456165,0.000000000
3788000000.000000,0.039119038,-0.039119038,0.995506380967,0.000000000
3789000000.000000,0.042696239,-0.042696239,0.995096475550,0.000000000
3790000000.000000,0.041019030,-0.041019030,0.995288643074,0.000000000
3791000000.000000,0.038007947,-0.038007947,0.995633733371,0.000000000
3792000000.000000,0.037318374,-0.037318374,0.995712779896,0.000000000
3793000000.000000,0.042891197,-0.042891197,0.995074140493,0.000000000
3794000000.000000,0.032082542,-0.032082542,0.996313173946,0.000000000
3795000000.000000,0.031601290,-0.031601290,0.996368377387,0.000000000
3796000000.000000,0.026186336,-0.026186336,0.996989726641,0.000000000
3797000000.000000,0.031363794,-0.031363794,0.996395621198,0.000000000
3798000000.000000,0.025306728,-0.025306728,0.997090695520,0.000000000
3799000000.000000,0.027834498,-0.027834498,0.996800564130,0.000000000
3800000000.000000,0.024776516,-0.024776516,0.997151562698,0.000000000
3801000000.000000,0.023368417,-0.023368417,0.997313227420,0.000000000
3802000000.000000,0.024237742,-0.024237742,0.997213416580,0.000000000
3803000000.000000,0.019016035,-0.019016035,0.997813092838,0.000000000
3804000000.000000,0.015819367,-0.015819367,0.998180385578,0.000000000
3805000000.000000,0.013674882,-0.013674882,0.998426859712,0.000000000
3806000000.000000,0.005448204,-0.005448204,0.999372949013,0.000000000
3807000000.000000,0.014006826,-0.014006826,0.998388704096,0.000000000
3808000000.000000,0.012164284,-0.012164284,0.998600515243,0.000000000
3809000000.000000,0.004779851,-0.004779851,0.999449850705,0.000000000
3810000000.000000,0.002838385,-0.002838385,0.999673272238,0.000000000
3811000000.000000,-0.000313296,0.000313296,1.000036070185,0.000000000
3812000000.000000,0.009714590,-0.009714590,0.998882191708,0.000000000
3813000000.000000,0.006457208,-0.006457208,0.999256862719,0.000000000
3814000000.000000,0.000873814,-0.000873814,0.999899403506,0.000000000
3815000000.000000,0.005958765,-0.005958765,0.999314207090,0.000000000
3816000000.000000,0.002806272,-0.002806272,0.999676968182,0.000000000
3817000000.000000,-0.006861706,0.006861706,1.000790295216,0.000000000
3818000000.000000,-0.005352314,0.005352314,1.000616397817,0.000000000
3819000000.000000,-0.002510958,0.002510958,1.000289126512,0.000000000
3820000000.000000,-0.001401483,0.001401483,1.000161364711,0.000000000
3821000000.000000,-0.007441661,0.007441661,1.000857120002,0.000000000
3822000000.000000,-0.007264749,0.007264749,1.000836735005,0.000000000
3823000000.000000,-0.012489521,0.012489521,1.001438943531,0.000000000
3824000000.000000,-0.002782342,0.002782342,1.000320380271,0.000000000
3825000000.000000,-0.003490847,0.003490847,1.000401979385,0.000000000
3826000000.000000,-0.012055012,0.012055012,1.001388848104,0.000000000
3827000000.000000,-0.014331175,0.014331175,1.001651299392,0.000000000
3828000000.000000,-0.010738136,0.010738136,1.001237038095,0.000000000
3829000000.000000,-0.012938446,0.012938446,1.001490703640,0.000000000
3830000000.000000,-0.005569089,0.005569089,1.000641370656,0.000000000
3831000000.000000,-0.004232734,0.004232734,1.000487430266,0.000000000
3832000000.000000,-0.007411663,0.007411663,1.000853663400,0.000000000
3833000000.000000,-0.009253686,0.009253686,1.001065937680,0.000000000
3834000000.000000,-0.006740188,0.006740188,1.000776293981,0.000000000
3835000000.000000,-0.004518637,0.004518637,1.000520362652,0.000000000
3836000000.000000,-0.004404310,0.004404310,1.000507193507,0.000000000
3837000000.000000,-0.004842769,0.004842769,1.000557699842,0.000000000
3838000000.000000,-0.000604878,0.000604878,1.000069641578,0.000000000
3839000000.000000,-0.012103827,0.012103827,1.001394475960,0.000000000
3840000000.000000,0.001661542,-0.001661542,0.999808726203,0.000000000
3841000000.000000,0.000483851,-0.000483851,0.999944296147,0.000000000
3842000000.000000,-0.003449801,0.003449801,1.000397251901,0.000000000
3843000000.000000,0.000515374,-0.000515374,0.999940667136,0.000000000
3844000000.000000,-0.000161875,0.000161875,1.000018636722,0.000000000
3845000000.000000,-0.003573160,0.003573160,1.000411459874,0.000000000
3846000000.000000,0.004569988,-0.004569988,0.999473999075,0.000000000
3847000000.000000,-0.002904200,0.002904200,1.000334414285,0.000000000
3848000000.000000,0.003678908,-0.003678908,0.999576539749,0.000000000
3849000000.000000,-0.001335240,0.001335240,1.000153737002,0.000000000
3850000000.000000,0.003823454,-0.003823454,0.999559905461,0.000000000
3851000000.000000,0.000515792,-0.000515792,0.999940619015,0.000000000
3852000000.000000,0.008496708,-0.008496708,0.999022258642,0.000000000
3853000000.000000,0.003533670,-0.003533670,0.999593253950,0.000000000
3854000000.000000,0.010594803,-0.010594803,0.998780971847,0.000000000
3855000000.000000,0.008795660,-0.008795660,0.998987874765,0.000000000
3856000000.000000,0.012719273,-0.012719273,0.998536711232,0.000000000
3857000000.000000,0.018257068,-0.018257068,0.997900284862,0.000000000
3858000000.000000,0.010944476,-0.010944476,0.998740764139,0.000000000
3859000000.000000,0.018493282,-0.018493282,0.997873147191,0.000000000
3860000000.000000,0.013911173,-0.013911173,0.998399698871,0.000000000
3861000000.000000,0.023238381,-0.023238381,0.997328158256,0.000000000
3862000000.000000,0.019464473,-0.019464473,0.997761578741,0.000000000
3863000000.000000,0.016053733,-0.016053733,0.998153452656,0.000000000
3864000000.000000,0.025421498,-0.025421498,0.997077520664,0.000000000
3865000000.000000,0.024436619,-0.024436619,0.997190584084,0.000000000
3866000000.000000,0.021082162,-0.021082162,0.997575769607,0.000000000
3867000000.000000,0.029813463,-0.029813463,0.996573482183,0.000000000
3868000000.000000,0.029410957,-0.029410957,0.996619664684,0.000000000
3869000000.000000,0.031630905,-0.031630905,0.996364980222,0.000000000
3870000000.000000,0.033475838,-0.033475838,0.996153369034,0.000000000
3871000000.000000,0.038469487,-0.038469487,0.995580830030,0.000000000
3872000000.000000,0.040373191,-0.040373191,0.995362650476,0.000000000
3873000000.000000,0.041976764,-0.041976764,0.995178905412,0.000000000
3874000000.000000,0.046572691,-0.046572691,0.994652470015,0.000000000
3875000000.000000,0.043581595,-0.043581595,0.994995050161,0.000000000
3876000000.000000,0.047479622,-0.047479622,0.994548619505,0.000000000
3877000000.000000,0.053414306,-0.053414306,0.993869320540,0.000000000
3878000000.000000,0.047792580,-0.047792580,0.994512785946,0.000000000
3879000000.000000,0.051516942,-0.051516942,0.994086447159,0.000000000
3880000000.000000,0.053669933,-0.053669933,0.993840071252,0.000000000
3881000000.000000,0.050416231,-0.050416231,0.994212429789,0.000000000
3882000000.000000,0.063135623,-0.063135623,0.992757596307,0.000000000
3883000000.000000,0.060212483,-0.060212483,0.993091754111,0.000000000
3884000000.000000,0.063630113,-0.063630113,0.992701079962,0.000000000
3885000000.000000,0.064204804,-0.064204804,0.992635401313,0.000000000
3886000000.000000,0.063626035,-0.063626035,0.992701546033,0.000000000
3887000000.000000,0.066088595,-0.066088595,0.992420142432,0.000000000
3888000000.000000,0.074253137,-0.074253137,0.991487727987,0.000000000
3889000000.000000,0.069789429,-0.069789429,0.991997387823,0.000000000
3890000000.000000,0.080820079,-0.080820079,0.990738399828,0.000000000
3891000000.000000,0.082930151,-0.082930151,0.990497747973,0.000000000
3892000000.000000,0.083572949,-0.083572949,0.990424449043,0.000000000
3893000000.000000,0.085480807,-0.085480807,0.990206925937,0.000000000
3894000000.000000,0.089646147,-0.089646147,0.989732183581,0.000000000
3895000000.000000,0.090025765,-0.090025765,0.989688928145,0.000000000
3896000000.000000,0.092776564,-0.092776564,0.989375545823,0.000000000
3897000000.000000,0.091256030,-0.091256030,0.989548759035,0.000000000
3898000000.000000,0.088297787,-0.088297787,0.989885837257,0.000000000
3899000000.000000,0.089640928,-0.089640928,0.989732778271,0.000000000
3900000000.000000,0.097463385,-0.097463385,0.988841832472,0.000000000
3901000000.000000,0.101864517,-0.101864517,0.988340914177,0.000000000
3902000000.000000,0.102346333,-0.102346333,0.988286091323,0.000000000
3903000000.000000,0.111090992,-0.111090992,0.987291619100,0.000000000
3904000000.000000,0.102282538,-0.102282538,0.988293349985,0.000000000
3905000000.000000,0.108244451,-0.108244451,0.987615227475,0.000000000
3906000000.000000,0.109248322,-0.109248322,0.987501090520,0.000000000
3907000000.000000,0.109442571,-0.109442571,0.987479006547,0.000000000
3908000000.000000,0.111835104,-0.111835104,0.987207042378,0.000000000
3909000000.000000,0.118232465,-0.118232465,0.986480208985,0.000000000
3910000000.000000,0.112215308,-0.112215308,0.987163830702,0.000000000
3911000000.000000,0.122186745,-0.122186745,0.986031212817,0.000000000
3912000000.000000,0.117313782,-0.117313782,0.986584551840,0.000000000
3913000000.000000,0.116110948,-0.116110948,0.986721184893,0.000000000
3914000000.000000,0.124258733,-0.124258733,0.985796026639,0.000000000
3915000000.000000,0.121633424,-0.121633424,0.986094028392,0.000000000
3916000000.000000,0.125918242,-0.125918242,0.985607700380,0.000000000
3917000000.000000,0.115852637,-0.115852637,0.986750529581,0.000000000
3918000000.000000,0.131086434,-0.131086434,0.985021428286,0.000000000
3919000000.000000,0.128223963,-0.128223963,0.985346099684,0.000000000
3920000000.000000,0.131907702,-0.131907702,0.984928296970,0.000000000
3921000000.000000,0.130423437,-0.130423437,0.985096618187,0.000000000
3922000000.000000,0.124379983,-0.124379983,0.985782265593,0.000000000
3923000000.000000,0.127721138,-0.127721138,0.985403142890,0.000000000
3924000000.000000,0.133048768,-0.133048768,0.984798915362,0.000000000
3925000000.000000,0.128910524,-0.128910524,0.985268217798,0.000000000
3926000000.000000,0.134199931,-0.134199931,0.984668406110,0.000000000
3927000000.000000,0.131397919,-0.131397919,0.984986105031,0.000000000
3928000000.000000,0.133042081,-0.133042081,0.984799673528,0.000000000
3929000000.000000,0.132178284,-0.132178284,0.984897615056,0.000000000
3930000000.000000,0.137067959,-0.137067959,0.984343328256,0.000000000
3931000000.000000,0.131353496,-0.131353496,0.984991142644,0.000000000
3932000000.000000,0.144839005,-0.144839005,0.983463054988,0.000000000
3933000000.000000,0.136888442,-0.136888442,0.984363672538,0.000000000
3934000000.000000,0.132004051,-0.132004051,0.984917371626,0.000000000
3935000000.000000,0.135633152,-0.135633152,0.984505943649,0.000000000
3936000000.000000,0.135566814,-0.135566814,0.984513462787,0.000000000
3937000000.000000,0.137199320,-0.137199320,0.984328441658,0.000000000
3938000000.000000,0.139204196,-0.139204196,0.984101265305,0.000000000
3939000000.000000,0.136821021,-0.136821021,0.984371313326,0.000000000
3940000000.000000,0.138923878,-0.138923878,0.984133025523,0.000000000
3941000000.000000,0.141962528,-0.141962528,0.983788799092,0.000000000
3942000000.000000,0.135867019,-0.135867019,0.984479436249,0.000000000
3943000000.000000,0.128412058,-0.128412058,0.985324762012,0.000000000
3944000000.000000,0.132987553,-0.132987553,0.984805855892,0.000000000
3945000000.000000,0.128225582,-0.128225582,0.985345916021,0.000000000
3946000000.000000,0.131558735,-0.131558735,0.984967868550,0.000000000
3947000000.000000,0.130471502,-0.130471502,0.985091166985,0.000000000
3948000000.000000,0.137517720,-0.137517720,0.984292359639,0.000000000
3949000000.000000,0.125028833,-0.125028833,0.985708628814,0.000000000
3950000000.000000,0.132555969,-0.132555969,0.984854790086,0.000000000
3951000000.000000,0.127157589,-0.127157589,0.985467078882,0.000000000
3952000000.000000,0.133161750,-0.133161750,0.984786105640,0.000000000
3953000000.000000,0.132766994,-0.132766994,0.984830863181,0.000000000
3954000000.000000,0.122638493,-0.122638493,0.985979931248,0.000000000
3955000000.000000,0.126531663,-0.126531663,0.985538096558,0.000000000
3956000000.000000,0.124188100,-0.124188100,0.985804043091,0.000000000
3957000000.000000,0.131121096,-0.131121096,0.985017497458,0.000000000
3958000000.000000,0.118374066,-0.118374066,0.986464127104,0.000000000
3959000000.000000,0.120511572,-0.120511572,0.986221398535,0.000000000
3960000000.000000,0.120152583,-0.120152583,0.986262160041,0.000000000
3961000000.000000,0.119912416,-0.119912416,0.986289430811,0.000000000
3962000000.000000,0.122360671,-0.122360671,0.986011468754,0.000000000
3963000000.000000,0.115097590,-0.115097590,0.986836309558,0.000000000
3964000000.000000,0.119440287,-0.119440287,0.986343042879,0.000000000
3965000000.000000,0.113579405,-0.113579405,0.987008811292,0.000000000
3966000000.000000,0.116139724,-0.116139724,0.986717915931,0.000000000
3967000000.000000,0.108443823,-0.108443823,0.987592558460,0.000000000
3968000000.000000,0.111207708,-0.111207708,0.987278352531,0.000000000
3969000000.000000,0.107917132,-0.107917132,0.987652445461,0.000000000
3970000000.000000,0.115837491,-0.115837491,0.986752250227,0.000000000
3971000000.000000,0.097374128,-0.097374128,0.988851993954,0.000000000
3972000000.000000,0.098900001,-0.098900001,0.988678294990,0.000000000
3973000000.000000,0.097016946,-0.097016946,0.988892658458,0.000000000
3974000000.000000,0.098009028,-0.098009028,0.988779715902,0.000000000
3975000000.000000,0.088021980,-0.088021980,0.989917270051,0.000000000
3976000000.000000,0.091221193,-0.091221193,0.989552727883,0.000000000
3977000000.000000,0.088451023,-0.088451023,0.989868373898,0.000000000
3978000000.000000,0.082688810,-0.082688810,0.990525269741,0.000000000
3979000000.000000,0.089015195,-0.089015195,0.989804081361,0.000000000
3980000000.000000,0.087142213,-0.087142213,0.990017540799,0.000000000
3981000000.000000,0.085238487,-0.085238487,0.990234551235,0.000000000
3982000000.000000,0.089078983,-0.089078983,0.989796812400,0.000000000
3983000000.000000,0.071587391,-0.071587391,0.991792067575,0.000000000
3984000000.000000,0.071268859,-0.071268859,0.991828439589,0.000000000
3985000000.000000,0.072527319,-0.072527319,0.991684748378,0.000000000
3986000000.000000,0.066405199,-0.066405199,0.992383968998,0.000000000
3987000000.000000,0.069686036,-0.069686036,0.992009196193,0.000000000
3988000000.000000,0.067999645,-0.067999645,0.992201816392,0.000000000
3989000000.000000,0.060832514,-0.060832514,0.993020866070,0.000000000
3990000000.000000,0.060681149,-0.060681149,0.993038171139,0.000000000
3991000000.000000,0.056425428,-0.056425428,0.993524837335,0.000000000
3992000000.000000,0.054992266,-0.054992266,0.993688781338,0.000000000
3993000000.000000,0.045954593,-0.045954593,0.994723253159,0.000000000
3994000000.000000,0.055460804,-0.055460804,0.993635180796,0.000000000
3995000000.000000,0.047417853,-0.047417853,0.994555692182,0.000000000
3996000000.000000,0.046063349,-0.046063349,0.994710798310,0.000000000
3997000000.000000,0.041396531,-0.041396531,0.995245387368,0.000000000
3998000000.000000,0.044352410,-0.044352410,0.994906754878,0.000000000
3999000000.000000,0.042062748,-0.042062748,0.995169053913,0.000000000
4000000000.000000,0.033227544,-0.033227544,0.996181845385,0.000000000
4001000000.000000,0.038840064,-0.038840064,0.995538355223,0.000000000
4002000000.000000,0.030750376,-0.030750376,0.996465991490,0.000000000
4003000000.000000,0.031265279,-0.031265279,0.996406922340,0.000000000
4004000000.000000,0.028751087,-0.028751087,0.996695381096,0.000000000
4005000000.000000,0.027285612,-0.027285612,0.996863556775,0.000000000
4006000000.000000,0.019586294,-0.019586294,0.997747585072,0.000000000
4007000000.000000,0.020228054,-0.020228054,0.997673868866,0.000000000
4008000000.000000,0.017111720,-0.017111720,0.998031879724,0.000000000
4009000000.000000,0.013870115,-0.013870115,0.998404418294,0.000000000
4010000000.000000,0.013382001,-0.013382001,0.998460526406,0.000000000
4011000000.000000,0.007648257,-0.007648257,0.999119849432,0.000000000
4012000000.000000,0.014815565,-0.014815565,0.998295748932,0.000000000
4013000000.000000,0.006736106,-0.006736106,0.999224777777,0.000000000
4014000000.000000,-0.001380646,0.001380646,1.000158965379,0.000000000
4015000000.000000,0.006781335,-0.006781335,0.999219574646,0.000000000
4016000000.000000,0.003697504,-0.003697504,0.999574399714,0.000000000
4017000000.000000,0.008760286,-0.008760286,0.998991943233,0.000000000
4018000000.000000,0.003914024,-0.003914024,0.999549482848,0.000000000
4019000000.000000,-0.002180344,0.002180344,1.000251052888,0.000000000
4020000000.000000,0.001314439,-0.001314439,0.999848681068,0.000000000
4021000000.000000,-0.006469947,0.006469947,1.000745157668,0.000000000
4022000000.000000,0.000102296,-0.000102296,0.999988222807,0.000000000
4023000000.000000,-0.003085190,0.003085190,1.000355258715,0.000000000
4024000000.000000,-0.009827461,0.009827461,1.001132068566,0.000000000
4025000000.000000,-0.005622837,0.005622837,1.000647562611,0.000000000
4026000000.000000,-0.009872449,0.009872449,1.001137253878,0.000000000
4027000000.000000,-0.012520329,0.012520329,1.001442495543,0.000000000
4028000000.000000,-0.011863833,0.011863833,1.001366807482,0.000000000
4029000000.000000,-0.014666401,0.014666401,1.001689958188,0.000000000
4030000000.000000,-0.015751000,0.015751000,1.001815046096,0.000000000
4031000000.000000,-0.022590926,0.022590926,1.002604261686,0.000000000
4032000000.000000,-0.018673176,0.018673176,1.002152141374,0.000000000
4033000000.000000,-0.019197197,0.019197197,1.002212603184,0.000000000
4034000000.000000,-0.020534913,0.020534913,1.002366966080,0.000000000
4035000000.000000,-0.024527617,0.024527617,1.002827837073,0.000000000
4036000000.000000,-0.022329085,0.022329085,1.002574038075,0.000000000
4037000000.000000,-0.022130327,0.022130327,1.002551096576,0.000000000
4038000000.000000,-0.022272356,0.022272356,1.002567490118,0.000000000
4039000000.000000,-0.023510966,0.023510966,1.002710466682,0.000000000
4040000000.000000,-0.030643845,0.030643845,1.003534233762,0.000000000
4041000000.000000,-0.024187023,0.024187023,1.002788514625,0.000000000
4042000000.000000,-0.030997142,0.030997142,1.003575053167,0.000000000
4043000000.000000,-0.027330649,0.027330649,1.003151512856,0.000000000
4044000000.000000,-0.024619678,0.024619678,1.002838466016,0.000000000
4045000000.000000,-0.024954219,0.024954219,1.002877091540,0.000000000
4046000000.000000,-0.035024958,0.035024958,1.004040538362,0.000000000
4047000000.000000,-0.025540723,0.025540723,1.002944811867,0.000000000
4048000000.000000,-0.019008528,0.019008528,1.002190834038,0.000000000
4049000000.000000,-0.029712288,0.029712288,1.003426611026,0.000000000
4050000000.000000,-0.030097950,0.030097950,1.003471165139,0.000000000
4051000000.000000,-0.037732984,0.037732984,1.004353619910,0.000000000
4052000000.000000,-0.034078654,0.034078654,1.003931156840,0.000000000
4053000000.000000,-0.024880437,0.024880437,1.002868572670,0.000000000
4054000000.000000,-0.032602097,0.032602097,1.003760508162,0.000000000
4055000000.000000,-0.028188065,0.028188065,1.003250542506,0.000000000
4056000000.000000,-0.035853821,0.035853821,1.004136354887,0.000000000
4057000000.000000,-0.033355090,0.033355090,1.003847529461,0.000000000
4058000000.000000,-0.023617629,0.023617629,1.002722780074,0.000000000
4059000000.000000,-0.025612128,0.025612128,1.002953056914,0.000000000
4060000000.000000,-0.032416861,0.032416861,1.003739102111,0.000000000
4061000000.000000,-0.018027020,0.018027020,1.002077592587,0.000000000
4062000000.000000,-0.019800682,0.019800682,1.002282238110,0.000000000
4063000000.000000,-0.024225437,0.024225437,1.002792949542,0.000000000
4064000000.000000,-0.023971227,0.023971227,1.002763601222,0.000000000
4065000000.000000,-0.024238758,0.024238758,1.002794487463,0.000000000
4066000000.000000,-0.015418112,0.015418112,1.001776652122,0.000000000
4067000000.000000,-0.022341106,0.022341106,1.002575425607,0.000000000
4068000000.000000,-0.020666381,0.020666381,1.002382137833,0.000000000
4069000000.000000,-0.015644507,0.015644507,1.001802763458,0.000000000
4070000000.000000,-0.014161907,0.014161907,1.001631779703,0.000000000
4071000000.000000,-0.011851785,0.011851785,1.001365418509,0.000000000
4072000000.000000,-0.013491601,0.013491601,1.001554484928,0.000000000
4073000000.000000,-0.017473028,0.017473028,1.002013681429,0.000000000
4074000000.000000,-0.017254629,0.017254629,1.001988486999,0.000000000
4075000000.000000,-0.016149640,0.016149640,1.001861025579,0.000000000
4076000000.000000,-0.009692961,0.009692961,1.001116566272,0.000000000
4077000000.000000,-0.010266455,0.010266455,1.001182668113,0.000000000
4078000000.000000,-0.016426820,0.016426820,1.001892997004,0.000000000
4079000000.000000,-0.000520853,0.000520853,1.000059967216,0.000000000
4080000000.000000,-0.013248061,0.013248061,1.001526403158,0.000000000
4081000000.000000,0.002280693,-0.002280693,0.999737459984,0.000000000
4082000000.000000,-0.005996568,0.005996568,1.000690618772,0.000000000
4083000000.000000,0.001390139,-0.001390139,0.999839967140,0.000000000
4084000000.000000,0.002814346,-0.002814346,0.999676038929,0.000000000
4085000000.000000,0.000592972,-0.000592972,0.999931733906,0.000000000
4086000000.000000,-0.004019277,0.004019277,1.000462843444,0.000000000
4087000000.000000,0.006066010,-0.006066010,0.999301868597,0.000000000
4088000000.000000,0.008192929,-0.008192929,0.999057198907,0.000000000
4089000000.000000,0.006394478,-0.006394478,0.999264079436,0.000000000
4090000000.000000,0.010154263,-0.010154263,0.998831630345,0.000000000
4091000000.000000,0.007428914,-0.007428914,0.999145080321,0.000000000
4092000000.000000,0.006185701,-0.006185701,0.999288098377,0.000000000
4093000000.000000,0.014864416,-0.014864416,0.998290134354,0.000000000
4094000000.000000,0.008385405,-0.008385405,0.999035060426,0.000000000
4095000000.000000,0.012938241,-0.012938241,0.998511538816,0.000000000
4096000000.000000,0.017578851,-0.017578851,0.997978206570,0.000000000
4097000000.000000,0.017912635,-0.017912635,0.997939856698,0.000000000
4098000000.000000,0.018143122,-0.018143122,0.997913375920,0.000000000
4099000000.000000,0.013754538,-0.013754538,0.998417703445,0.000000000
4100000000.000000,0.024389119,-0.024389119,0.997196037375,0.000000000
4101000000.000000,0.021161509,-0.021161509,0.997566656633,0.000000000
4102000000.000000,0.027165864,-0.027165864,0.996877300127,0.000000000
4103000000.000000,0.022652921,-0.022652921,0.997395384003,0.000000000
4104000000.000000,0.020566039,-0.020566039,0.997635048174,0.000000000
4105000000.000000,0.021509024,-0.021509024,0.997526745645,0.000000000
4106000000.000000,0.029309463,-0.029309463,0.996631310181,0.000000000
4107000000.000000,0.033913317,-0.033913317,0.996103197409,0.000000000
4108000000.000000,0.030563758,-0.030563758,0.996487400983,0.000000000
4109000000.000000,0.032723151,-0.032723151,0.996239695733,0.000000000
4110000000.000000,0.031259673,-0.031259673,0.996407565436,0.000000000
4111000000.000000,0.029432113,-0.029432113,0.996617237245,0.000000000
4112000000.000000,0.034972116,-0.034972116,0.995981781085,0.000000000
4113000000.000000,0.040964043,-0.040964043,0.995294943881,0.000000000
4114000000.000000,0.039145184,-0.039145184,0.995503384328,0.000000000
4115000000.000000,0.037013883,-0.037013883,0.995747686038,0.000000000
4116000000.000000,0.033978569,-0.033978569,0.996095714297,0.000000000
4117000000.000000,0.040881479,-0.040881479,0.995304404734,0.000000000
4118000000.000000,0.032873826,-0.032873826,0.996222414013,0.000000000
4119000000.000000,0.034252655,-0.034252655,0.996064282677,0.000000000
4120000000.000000,0.035467440,-0.035467440,0.995924985565,0.000000000
4121000000.000000,0.047628826,-0.047628826,0.994531535549,0.000000000
4122000000.000000,0.038694622,-0.038694622,0.995555025283,0.000000000
4123000000.000000,0.043156192,-0.043156192,0.995043782560,0.000000000
4124000000.000000,0.045908105,-0.045908105,0.994728577060,0.000000000
4125000000.000000,0.046332294,-0.046332294,0.994679999121,0.000000000
4126000000.000000,0.047992927,-0.047992927,0.994489846977,0.000000000
4127000000.000000,0.051784585,-0.051784585,0.994055816309,0.000000000
4128000000.000000,0.052357646,-0.052357646,0.993990234561,0.000000000
4129000000.000000,0.053271079,-0.053271079,0.993885709201,0.000000000
4130000000.000000,0.054932571,-0.054932571,0.993695610628,0.000000000
4131000000.000000,0.043915184,-0.043915184,0.994956837261,0.000000000
4132000000.000000,0.044417937,-0.044417937,0.994899249256,0.000000000
4133000000.000000,0.047225517,-0.047225517,0.994577715370,0.000000000
4134000000.000000,0.056112345,-0.056112345,0.993560649595,0.000000000
4135000000.000000,0.043941020,-0.043941020,0.994953877787,0.000000000
4136000000.000000,0.045898384,-0.045898384,0.994729690332,0.000000000
4137000000.000000,0.045975800,-0.045975800,0.994720824499,0.000000000
4138000000.000000,0.048800355,-0.048800355,0.994397404906,0.000000000
4139000000.000000,0.053328072,-0.053328072,0.993879187780,0.000000000
4140000000.000000,0.044431235,-0.044431235,0.994897726077,0.000000000
4141000000.000000,0.051579675,-0.051579675,0.994079267491,0.000000000
4142000000.000000,0.054827420,-0.054827420,0.993707640336,0.000000000
4143000000.000000,0.043260046,-0.043260046,0.995031885257,0.000000000
4144000000.000000,0.042417075,-0.042417075,0.995128458408,0.000000000
4145000000.000000,0.044479929,-0.044479929,0.994892148593,0.000000000
4146000000.000000,0.047643666,-0.047643666,0.994529836375,0.000000000
4147000000.000000,0.048621870,-0.048621870,0.994417838834,0.000000000
4148000000.000000,0.042309703,-0.042309703,0.995140759922,0.000000000
4149000000.000000,0.040846959,-0.040846959,0.995308360342,0.000000000
4150000000.000000,0.045878589,-0.045878589,0.994731957308,0.000000000
4151000000.000000,0.040644693,-0.040644693,0.995331538093,0.000000000
4152000000.000000,0.042375327,-0.042375327,0.995133241421,0.000000000
4153000000.000000,0.042241851,-0.042241851,0.995148533743,0.000000000
4154000000.000000,0.044042217,-0.044042217,0.994942285910,0.000000000
4155000000.000000,0.037545003,-0.037545003,0.995686800468,0.000000000
4156000000.000000,0.032536521,-0.032536521,0.996261101740,0.000000000
4157000000.000000,0.041766437,-0.041766437,0.995203003753,0.000000000
4158000000.000000,0.030878011,-0.030878011,0.996451349006,0.000000000
4159000000.000000,0.036729154,-0.036729154,0.995780327817,0.000000000
4160000000.000000,0.038330916,-0.038330916,0.995596713231,0.000000000
4161000000.000000,0.036513122,-0.036513122,0.995805094778,0.000000000
4162000000.000000,0.036623894,-0.036623894,0.995792395259,0.000000000
4163000000.000000,0.035591681,-0.035591681,0.995910740181,0.000000000
4164000000.000000,0.023318346,-0.023318346,0.997318976585,0.000000000
4165000000.000000,0.023089657,-0.023089657,0.997345235137,0.000000000
4166000000.000000,0.018402256,-0.018402256,0.997883604712,0.000000000
4167000000.000000,0.025033588,-0.025033588,0.997122050931,0.000000000
4168000000.000000,0.025122735,-0.025122735,0.997111817093,0.000000000
4169000000.000000,0.023152717,-0.023152717,0.997337994386,0.000000000
4170000000.000000,0.016279114,-0.016279114,0.998127552959,0.000000000
4171000000.000000,0.016029852,-0.016029852,0.998156196984,0.000000000
4172000000.000000,0.019869776,-0.019869776,0.997715022045,0.000000000
4173000000.000000,0.015619637,-0.015619637,0.998203338766,0.000000000
4174000000.000000,0.014160766,-0.014160766,0.998371009812,0.000000000
4175000000.000000,0.016109576,-0.016109576,0.998147035385,0.000000000
4176000000.000000,0.008244831,-0.008244831,0.999051229120,0.000000000
4177000000.000000,0.006161546,-0.006161546,0.999290877348,0.000000000
4178000000.000000,0.005135027,-0.005135027,0.999408982888,0.000000000
4179000000.000000,0.001183066,-0.001183066,0.999863803769,0.000000000
4180000000.000000,-0.004527514,0.004527514,1.000521385186,0.000000000
4181000000.000000,-0.004458415,0.004458415,1.000513425754,0.000000000
4182000000.000000,-0.002733130,0.002733130,1.000314712731,0.000000000
4183000000.000000,-0.000106496,0.000106496,1.000012260880,0.000000000
4184000000.000000,-0.007572027,0.007572027,1.000872141919,0.000000000
4185000000.000000,-0.016182886,0.016182886,1.001864860296,0.000000000
4186000000.000000,-0.012379320,0.012379320,1.001426237996,0.000000000
4187000000.000000,-0.016102012,0.016102012,1.001855532013,0.000000000
4188000000.000000,-0.013662747,0.013662747,1.001574219663,0.000000000
4189000000.000000,-0.019688007,0.019688007,1.002269236400,0.000000000
4190000000.000000,-0.018305306,0.018305306,1.002109698525,0.000000000
4191000000.000000,-0.014747344,0.014747344,1.001699292887,0.000000000
4192000000.000000,-0.025820409,0.025820409,1.002977107251,0.000000000
4193000000.000000,-0.028760382,0.028760382,1.003316649293,0.000000000
4194000000.000000,-0.025694257,0.025694257,1.002962540332,0.000000000
4195000000.000000,-0.026408814,0.026408814,1.003045053858,0.000000000
4196000000.000000,-0.031419347,0.031419347,1.003623836276,0.000000000
4197000000.000000,-0.036219486,0.036219486,1.004178628651,0.000000000
4198000000.000000,-0.033497127,0.033497127,1.003863945126,0.000000000
4199000000.000000,-0.041632709,0.041632709,1.004804648240,0.000000000
4200000000.000000,-0.036965243,0.036965243,1.004264849570,0.000000000
4201000000.000000,-0.043937635,0.043937635,1.005071323017,0.000000000
4202000000.000000,-0.046352145,0.046352145,1.005350752320,0.000000000
4203000000.000000,-0.051162284,0.051162284,1.005907657408,0.000000000
4204000000.000000,-0.045004431,0.045004431,1.005194772883,0.000000000
4205000000.000000,-0.051607587,0.051607587,1.005959229002,0.000000000
4206000000.000000,-0.052611462,0.052611462,1.006075499842,0.000000000
4207000000.000000,-0.061789906,0.061789906,1.007139189189,0.000000000
4208000000.000000,-0.056171335,0.056171335,1.006487919892,0.000000000
4209000000.000000,-0.057789257,0.057789257,1.006675416014,0.000000000
4210000000.000000,-0.059803276,0.059803276,1.006908863429,0.000000000
4211000000.000000,-0.059830597,0.059830597,1.006912030612,0.000000000
4212000000.000000,-0.057501671,0.057501671,1.006642085983,0.000000000
4213000000.000000,-0.062793381,0.062793381,1.007255550025,0.000000000
4214000000.000000,-0.062133775,0.062133775,1.007179061996,0.000000000
4215000000.000000,-0.072555769,0.072555769,1.008388277694,0.000000000
4216000000.000000,-0.074871369,0.074871369,1.008657143092,0.000000000
4217000000.000000,-0.068594833,0.068594833,1.007928537699,0.000000000
4218000000.000000,-0.064564273,0.064564273,1.007460931710,0.000000000
4219000000.000000,-0.075444416,0.075444416,1.008723690912,0.000000000
4220000000.000000,-0.074799665,0.074799665,1.008648816432,0.000000000
4221000000.000000,-0.080607198,0.080607198,1.009323441631,0.000000000
4222000000.000000,-0.081811815,0.081811815,1.009463431032,0.000000000
4223000000.000000,-0.079249950,0.079249950,1.009165738130,0.000000000
4224000000.000000,-0.080532127,0.080532127,1.009314718219,0.000000000
4225000000.000000,-0.079595971,0.079595971,1.009205941208,0.000000000
4226000000.000000,-0.074309068,0.074309068,1.008591847471,0.000000000
4227000000.000000,-0.086260803,0.086260803,1.009980619399,0.000000000
4228000000.000000,-0.089345580,0.089345580,1.010339375775,0.000000000
4229000000.000000,-0.079589750,0.079589750,1.009205218395,0.000000000
4230000000.000000,-0.084776979,0.084776979,1.009808097579,0.000000000
4231000000.000000,-0.081145665,0.081145665,1.009386014865,0.000000000
4232000000.000000,-0.081377478,0.081377478,1.009412954181,0.000000000
4233000000.000000,-0.086377136,0.086377136,1.009994146495,0.000000000
4234000000.000000,-0.092494795,0.092494795,1.010705757680,0.000000000
4235000000.000000,-0.088254343,0.088254343,1.010212451476,0.000000000
4236000000.000000,-0.094519844,0.094519844,1.010941423499,0.000000000
4237000000.000000,-0.092163863,0.092163863,1.010667250570,0.000000000
4238000000.000000,-0.092447077,0.092447077,1.010700205143,0.000000000
4239000000.000000,-0.088566078,0.088566078,1.010248708468,0.000000000
4240000000.000000,-0.093677309,0.093677309,1.010843366505,0.000000000
4241000000.000000,-0.098580055,0.098580055,1.011414097590,0.000000000
4242000000.000000,-0.091779087,0.091779087,1.010622480040,0.000000000
4243000000.000000,-0.094993313,0.094993313,1.010996531552,0.000000000
4244000000.000000,-0.086418635,0.086418635,1.009998972005,0.000000000
4245000000.000000,-0.095393352,0.095393352,1.011043095275,0.000000000
4246000000.000000,-0.101457480,0.101457480,1.011749210104,0.000000000
4247000000.000000,-0.098796375,0.098796375,1.011439286929,0.000000000
4248000000.000000,-0.094229153,0.094229153,1.010907590850,0.000000000
4249000000.000000,-0.100060215,0.100060215,1.011586467067,0.000000000
4250000000.000000,-0.087195771,0.087195771,1.010089341755,0.000000000
4251000000.000000,-0.088666277,0.088666277,1.010260362599,0.000000000
4252000000.000000,-0.090032320,0.090032320,1.010419260269,0.000000000
4253000000.000000,-0.095659672,0.095659672,1.011074095568,0.000000000
4254000000.000000,-0.096155759,0.096155759,1.011131843831,0.000000000
4255000000.000000,-0.094293276,0.094293276,1.010915053835,0.000000000
4256000000.000000,-0.094311949,0.094311949,1.010917227111,0.000000000
4257000000.000000,-0.094414276,0.094414276,1.010929136626,0.000000000
4258000000.000000,-0.096120525,0.096120525,1.011127742219,0.000000000
4259000000.000000,-0.087822493,0.087822493,1.010162226407,0.000000000
4260000000.000000,-0.086254621,0.086254621,1.009979900566,0.000000000
4261000000.000000,-0.088227192,0.088227192,1.010209293684,0.000000000
4262000000.000000,-0.084123663,0.084123663,1.009732146928,0.000000000
4263000000.000000,-0.080212399,0.080212399,1.009277565981,0.000000000
4264000000.000000,-0.082796756,0.082796756,1.009577906156,0.000000000
4265000000.000000,-0.087376879,0.087376879,1.010110403174,0.000000000
4266000000.000000,-0.086176309,0.086176309,1.009970794626,0.000000000
4267000000.000000,-0.078496541,0.078496541,1.009078207479,0.000000000
4268000000.000000,-0.078392311,0.078392311,1.009066098692,0.000000000
4269000000.000000,-0.078385506,0.078385506,1.009065308135,0.000000000
4270000000.000000,-0.083864897,0.083864897,1.009702065904,0.000000000
4271000000.000000,-0.078195396,0.078195396,1.009043222739,0.000000000
4272000000.000000,-0.074233724,0.074233724,1.008583098682,0.000000000
4273000000.000000,-0.078309785,0.078309785,1.009056511442,0.000000000
4274000000.000000,-0.073810686,0.073810686,1.008533977797,0.000000000
4275000000.000000,-0.070645816,0.070645816,1.008166566095,0.000000000
4276000000.000000,-0.071487371,0.071487371,1.008264249666,0.000000000
4277000000.000000,-0.073600426,0.073600426,1.008509564433,0.000000000
4278000000.000000,-0.068989875,0.068989875,1.007974380229,0.000000000
4279000000.000000,-0.061905263,0.061905263,1.007152565059,0.000000000
4280000000.000000,-0.070034203,0.070034203,1.008095579001,0.000000000
4281000000.000000,-0.064830452,0.064830452,1.007491805813,0.000000000
4282000000.000000,-0.064211455,0.064211455,1.007420009807,0.000000000
4283000000.000000,-0.065939375,0.065939375,1.007620439977,0.000000000
4284000000.000000,-0.060189205,0.060189205,1.006953603114,0.000000000
4285000000.000000,-0.062418785,0.062418785,1.007212111094,0.000000000
4286000000.000000,-0.054996075,0.054996075,1.006351744437,0.000000000
4287000000.000000,-0.049623707,0.049623707,1.005729491510,0.000000000
4288000000.000000,-0.047508134,0.047508134,1.005484561497,0.000000000
4289000000.000000,-0.051940715,0.051940715,1.005997811074,0.000000000
4290000000.000000,-0.049499752,0.049499752,1.005715139001,0.000000000
4291000000.000000,-0.041127434,0.041127434,1.004746198510,0.000000000
4292000000.000000,-0.038078727,0.038078727,1.004393599136,0.000000000
4293000000.000000,-0.043422239,0.043422239,1.005011686711,0.000000000
4294000000.000000,-0.040189408,0.040189408,1.004637697573,0.000000000
4295000000.000000,-0.043170439,0.043170439,1.004982552300,0.000000000
4296000000.000000,-0.031594291,0.031594291,1.003644050641,0.000000000
4297000000.000000,-0.036028550,0.036028550,1.004156554718,0.000000000
4298000000.000000,-0.037880676,0.037880676,1.004370697753,0.000000000
4299000000.000000,-0.033296205,0.033296205,1.003840724014,0.000000000
4300000000.000000,-0.028966704,0.028966704,1.003340482057,0.000000000
4301000000.000000,-0.033677995,0.033677995,1.003884849002,0.000000000
4302000000.000000,-0.023021323,0.023021323,1.002653943247,0.000000000
4303000000.000000,-0.023962352,0.023962352,1.002762576627,0.000000000
4304000000.000000,-0.021405076,0.021405076,1.002467389453,0.000000000
4305000000.000000,-0.022117846,0.022117846,1.002549655983,0.000000000
4306000000.000000,-0.023407256,0.023407256,1.002698494336,0.000000000
4307000000.000000,-0.013748943,0.013748943,1.001584159016,0.000000000
4308000000.000000,-0.020301664,0.020301664,1.002340049096,0.000000000
4309000000.000000,-0.010091537,0.010091537,1.001162506320,0.000000000
4310000000.000000,-0.011242462,0.011242462,1.001295174285,0.000000000
4311000000.000000,-0.007731017,0.007731017,1.000890462451,0.000000000
4312000000.000000,-0.004735944,0.004735944,1.000545394376,0.000000000
4313000000.000000,-0.004589373,0.004589373,1.000528510705,0.000000000
4314000000.000000,-0.002331513,0.002331513,1.000268461383,0.000000000
4315000000.000000,-0.006676022,0.006676022,1.000768900890,0.000000000
4316000000.000000,-0.001067118,0.001067118,1.000122864047,0.000000000
4317000000.000000,-0.006716091,0.006716091,1.000773517562,0.000000000
4318000000.000000,0.002770834,-0.002770834,0.999681046823,0.000000000
4319000000.000000,0.004101135,-0.004101135,0.999527950835,0.000000000
4320000000.000000,-0.001428969,0.001428969,1.000164529669,0.000000000
4321000000.000000,0.003965474,-0.003965474,0.999543562134,0.000000000
4322000000.000000,0.004158725,-0.004158725,0.999521323693,0.000000000
4323000000.000000,0.007994656,-0.007994656,0.999080004669,0.000000000
4324000000.000000,-0.000486062,0.000486062,1.000055961522,0.000000000
4325000000.000000,0.008383864,-0.008383864,0.999035237669,0.000000000
4326000000.000000,0.015284531,-0.015284531,0.998241850697,0.000000000
4327000000.000000,0.006519964,-0.006519964,0.999249643063,0.000000000
4328000000.000000,0.006823596,-0.006823596,0.999214712978,0.000000000
4329000000.000000,0.007669434,-0.007669434,0.999117413489,0.000000000
4330000000.000000,0.017071924,-0.017071924,0.998036452401,0.000000000
4331000000.000000,0.014983404,-0.014983404,0.998276458871,0.000000000
4332000000.000000,0.015585118,-0.015585118,0.998207305780,0.000000000
4333000000.000000,0.019186829,-0.019186829,0.997793472647,0.000000000
4334000000.000000,0.013790565,-0.013790565,0.998413562255,0.000000000
4335000000.000000,0.016780919,-0.016780919,0.998069890365,0.000000000
4336000000.000000,0.020440368,-0.020440368,0.997649482470,0.000000000
4337000000.000000,0.018141062,-0.018141062,0.997913612592,0.000000000
4338000000.000000,0.010109330,-0.010109330,0.998836797417,0.000000000
4339000000.000000,0.018342426,-0.018342426,0.997890478341,0.000000000
4340000000.000000,0.014272051,-0.014272051,0.998358218606,0.000000000
4341000000.000000,0.015273318,-0.015273318,0.998243139372,0.000000000
4342000000.000000,0.019118502,-0.019118502,0.997801321757,0.000000000
4343000000.000000,0.018863692,-0.018863692,0.997830593771,0.000000000
4344000000.000000,0.017976869,-0.017976869,0.997932476748,0.000000000
4345000000.000000,0.010995500,-0.010995500,0.998734897199,0.000000000
4346000000.000000,0.014085619,-0.014085619,0.998379647374,0.000000000
4347000000.000000,0.016579281,-0.016579281,0.998093060260,0.000000000
4348000000.000000,0.009588217,-0.009588217,0.998896724779,0.000000000
4349000000.000000,0.019879459,-0.019879459,0.997713909796,0.000000000
4350000000.000000,0.015308642,-0.015308642,0.998239079700,0.000000000
4351000000.000000,0.016839937,-0.016839937,0.998063108804,0.000000000
4352000000.000000,0.011108380,-0.011108380,0.998721917934,0.000000000
4353000000.000000,0.007814992,-0.007814992,0.999100670435,0.000000000
4354000000.000000,0.012826255,-0.012826255,0.998524412573,0.000000000
4355000000.000000,0.009844584,-0.009844584,0.998867242436,0.000000000
4356000000.000000,0.013702874,-0.013702874,0.998423642089,0.000000000
4357000000.000000,0.005600147,-0.005600147,0.999355467051,0.000000000
4358000000.000000,0.009002306,-0.009002306,0.998964108127,0.000000000
4359000000.000000,0.003134515,-0.003134515,0.999639190732,0.000000000
4360000000.000000,0.007924571,-0.007924571,0.999088066112,0.000000000
4361000000.000000,-0.000732607,0.000732607,1.000084348055,0.000000000
4362000000.000000,0.004198440,-0.004198440,0.999516753533,0.000000000
4363000000.000000,-0.003142639,0.003142639,1.000361875147,0.000000000
4364000000.000000,-0.003044425,0.003044425,1.000350563814,0.000000000
4365000000.000000,-0.005868828,0.005868828,1.000675902112,0.000000000
4366000000.000000,0.000942050,-0.000942050,0.999891548367,0.000000000
4367000000.000000,-0.000066190,0.000066190,1.000007620434,0.000000000
4368000000.000000,-0.007102466,0.007102466,1.000818036026,0.000000000
4369000000.000000,-0.008746793,0.008746793,1.001007518965,0.000000000
4370000000.000000,-0.009390876,0.009390876,1.001081749223,0.000000000
4371000000.000000,-0.013769768,0.013769768,1.001586560384,0.000000000
4372000000.000000,-0.009081884,0.009081884,1.001046137356,0.000000000
4373000000.000000,-0.020194038,0.020194038,1.002327629276,0.000000000
4374000000.000000,-0.022362456,0.022362456,1.002577889950,0.000000000
4375000000.000000,-0.025586535,0.025586535,1.002950101714,0.000000000
4376000000.000000,-0.025679641,0.025679641,1.002960852619,0.000000000
4377000000.000000,-0.028011594,0.028011594,1.003230159697,0.000000000
4378000000.000000,-0.038325626,0.038325626,1.004422149729,0.000000000
4379000000.000000,-0.035120053,0.035120053,1.004051530875,0.000000000
4380000000.000000,-0.042751490,0.042751490,1.004934079858,0.000000000
4381000000.000000,-0.035175766,0.035175766,1.004057971079,0.000000000
4382000000.000000,-0.038968996,0.038968996,1.004496550745,0.000000000
4383000000.000000,-0.048946471,0.048946471,1.005651078165,0.000000000
4384000000.000000,-0.051910412,0.051910412,1.005994301393,0.000000000
4385000000.000000,-0.050171078,0.050171078,1.005792872986,0.000000000
4386000000.000000,-0.053430425,0.053430425,1.006170363752,0.000000000
4387000000.000000,-0.052093868,0.052093868,1.006015549376,0.000000000
4388000000.000000,-0.059798341,0.059798341,1.006908291341,0.000000000
4389000000.000000,-0.061147016,0.061147016,1.007064648091,0.000000000
4390000000.000000,-0.059103309,0.059103309,1.006827723257,0.000000000
4391000000.000000,-0.064931737,0.064931737,1.007503554109,0.000000000
4392000000.000000,-0.068114168,0.068114168,1.007872761885,0.000000000
4393000000.000000,-0.076676762,0.076676762,1.008866817851,0.000000000
4394000000.000000,-0.076243656,0.076243656,1.008816513806,0.000000000
4395000000.000000,-0.084846412,0.084846412,1.009816169785,0.000000000
4396000000.000000,-0.085685870,0.085685870,1.009913769370,0.000000000
4397000000.000000,-0.087673105,0.087673105,1.010144852848,0.000000000
4398000000.000000,-0.085608450,0.085608450,1.009904767739,0.000000000
4399000000.000000,-0.092335035,0.092335035,1.010687167890,0.000000000
4400000000.000000,-0.107006179,0.107006179,1.012395739771,0.000000000
4401000000.000000,-0.101946646,0.101946646,1.011806190709,0.000000000
4402000000.000000,-0.107845821,0.107845821,1.012493610123,0.000000000
4403000000.000000,-0.110624155,0.110624155,1.012817525748,0.000000000
4404000000.000000,-0.117814269,0.117814269,1.013656275572,0.000000000
4405000000.000000,-0.111808303,0.111808303,1.012955612651,0.000000000
4406000000.000000,-0.118364957,0.118364957,1.013720543720,0.000000000
4407000000.000000,-0.122481020,0.122481020,1.014201038706,0.000000000
4408000000.000000,-0.122997336,0.122997336,1.014261327728,0.000000000
4409000000.000000,-0.128602811,0.128602811,1.014916096750,0.000000000
4410000000.000000,-0.135435221,0.135435221,1.015714754250,0.000000000
4411000000.000000,-0.139475628,0.139475628,1.016187343222,0.000000000
4412000000.000000,-0.154628570,0.154628570,1.017961676975,0.000000000
4413000000.000000,-0.143812142,0.143812142,1.016694811202,0.000000000
4414000000.000000,-0.151834302,0.151834302,1.017634249345,0.000000000
4415000000.000000,-0.154827077,0.154827077,1.017984941699,0.000000000
4416000000.000000,-0.158167514,0.158167514,1.018376515697,0.000000000
4417000000.000000,-0.156780958,0.156780958,1.018213962012,0.000000000
4418000000.000000,-0.166175595,0.166175595,1.019315855540,0.000000000
4419000000.000000,-0.160907716,0.160907716,1.018697841170,0.000000000
4420000000.000000,-0.174196358,0.174196358,1.020257551465,0.000000000
4421000000.000000,-0.171572491,0.171572491,1.019949394681,0.000000000
4422000000.000000,-0.181822961,0.181822961,1.021153777034,0.000000000
4423000000.000000,-0.184270040,0.184270040,1.021441507606,0.000000000
4424000000.000000,-0.189062901,0.189062901,1.022005293046,0.000000000
4425000000.000000,-0.192641923,0.192641923,1.022426497238,0.000000000
4426000000.000000,-0.192545971,0.192545971,1.022415202675,0.000000000
4427000000.000000,-0.196258036,0.196258036,1.022852242858,0.000000000
4428000000.000000,-0.198101621,0.198101621,1.023069366868,0.000000000
4429000000.000000,-0.198731758,0.198731758,1.023143590381,0.000000000
4430000000.000000,-0.204357996,0.204357996,1.023806540792,0.000000000
4431000000.000000,-0.210481123,0.210481123,1.024528528739,0.000000000
4432000000.000000,-0.211722449,0.211722449,1.024674957583,0.000000000
4433000000.000000,-0.213215178,0.213215178,1.024851070052,0.000000000
4434000000.000000,-0.216356172,0.216356172,1.025221744019,0.000000000
4435000000.000000,-0.221835866,0.221835866,1.025868732887,0.000000000
4436000000.000000,-0.230791296,0.230791296,1.026926981809,0.000000000
4437000000.000000,-0.230210300,0.230210300,1.026858293334,0.000000000
4438000000.000000,-0.230032916,0.230032916,1.026837322958,0.000000000
4439000000.000000,-0.234273549,0.234273549,1.027338768815,0.000000000
4440000000.000000,-0.232616575,0.232616575,1.027142806013,0.000000000
4441000000.000000,-0.237235809,0.237235809,1.027689195043,0.000000000
4442000000.000000,-0.231929904,0.231929904,1.027061607503,0.000000000
4443000000.000000,-0.247904023,0.247904023,1.028952202559,0.000000000
4444000000.000000,-0.241295196,0.241295196,1.028169602155,0.000000000
4445000000.000000,-0.243463611,0.243463611,1.028426314685,0.000000000
4446000000.000000,-0.254938235,0.254938235,1.029785830407,0.000000000
4447000000.000000,-0.250651453,0.250651453,1.029277721465,0.000000000
4448000000.000000,-0.256814992,0.256814992,1.030008359895,0.000000000
4449000000.000000,-0.257584430,0.257584430,1.030099607046,0.000000000
4450000000.000000,-0.254530734,0.254530734,1.029737518843,0.000000000
4451000000.000000,-0.266732318,0.266732318,1.031185068662,0.000000000
4452000000.000000,-0.265486368,0.265486368,1.031037160624,0.000000000
4453000000.000000,-0.267842063,0.267842063,1.031316825526,0.000000000
4454000000.000000,-0.265184196,0.265184196,1.031001292664,0.000000000
4455000000.000000,-0.267652221,0.267652221,1.031294284932,0.000000000
4456000000.000000,-0.274100311,0.274100311,1.032060164717,0.000000000
4457000000.000000,-0.273092308,0.273092308,1.031940400430,0.000000000
4458000000.000000,-0.270613234,0.270613234,1.031645912280,0.000000000
4459000000.000000,-0.273300755,0.273300755,1.031965165592,0.000000000
4460000000.000000,-0.278784819,0.278784819,1.032616929570,0.000000000
4461000000.000000,-0.281406081,0.281406081,1.032928603803,0.000000000
4462000000.000000,-0.280463892,0.280463892,1.032816564481,0.000000000
4463000000.000000,-0.281934491,0.281934491,1.032991444390,0.000000000
4464000000.000000,-0.284625961,0.284625961,1.033311583880,0.000000000
4465000000.000000,-0.288176692,0.288176692,1.033734080788,0.000000000
4466000000.000000,-0.282896151,0.282896151,1.033105818575,0.000000000
4467000000.000000,-0.286767568,0.286767568,1.033566390268,0.000000000
4468000000.000000,-0.284688273,0.284688273,1.033318996816,0.000000000
4469000000.000000,-0.288037568,0.288037568,1.033717523351,0.000000000
4470000000.000000,-0.293868950,0.293868950,1.034411755715,0.000000000
4471000000.000000,-0.295436528,0.295436528,1.034598457079,0.000000000
4472000000.000000,-0.287923566,0.287923566,1.033703955933,0.000000000
4473000000.000000,-0.296834195,0.296834195,1.034764950153,0.000000000
4474000000.000000,-0.297251955,0.297251955,1.034814719817,0.000000000
4475000000.000000,-0.297156637,0.297156637,1.034803363936,0.000000000
4476000000.000000,-0.288667716,0.288667716,1.033792520696,0.000000000
4477000000.000000,-0.297665058,0.297665058,1.034863937024,0.000000000
4478000000.000000,-0.295955364,0.295955364,1.034660258803,0.000000000
4479000000.000000,-0.290213031,0.290213031,1.033976460082,0.000000000
4480000000.000000,-0.288804151,0.288804151,1.033808759284,0.000000000
4481000000.000000,-0.293412820,0.293412820,1.034357436139,0.000000000
4482000000.000000,-0.293744964,0.293744964,1.034396990197,0.000000000
4483000000.000000,-0.291811347,0.291811347,1.034166742626,0.000000000
4484000000.000000,-0.296603664,0.296603664,1.034737486964,0.000000000
4485000000.000000,-0.293933917,0.293933917,1.034419492733,0.000000000
4486000000.000000,-0.288348544,0.288348544,1.033754533618,0.000000000
4487000000.000000,-0.297206392,0.297206392,1.034809291571,0.000000000
4488000000.000000,-0.301086364,0.301086364,1.035271642365,0.000000000
4489000000.000000,-0.291624942,0.291624942,1.034144548954,0.000000000
4490000000.000000,-0.298197507,0.298197507,1.034927376600,0.000000000
4491000000.000000,-0.294267895,0.294267895,1.034459267587,0.000000000
4492000000.000000,-0.297829175,0.297829175,1.034883490619,0.000000000
4493000000.000000,-0.294906464,0.294906464,1.034535321731,0.000000000
4494000000.000000,-0.294655652,0.294655652,1.034505449129,0.000000000
4495000000.000000,-0.295354375,0.295354375,1.034588671672,0.000000000
4496000000.000000,-0.289690894,0.289690894,1.033914306271,0.000000000
4497000000.000000,-0.296440335,0.296440335,1.034718029999,0.000000000
4498000000.000000,-0.284206234,0.284206234,1.033261652519,0.000000000
4499000000.000000,-0.284695416,0.284695416,1.033319846585,0.000000000
4500000000.000000,-0.288464272,0.288464272,1.033768307123,0.000000000
