freq_hz,h_db,phase_rad
5500000000.000000,-0.224041708,-74.767105431170
5501000000.000000,-0.220782209,-74.772436853368
5502000000.000000,-0.209710513,-74.775917530407
5503000000.000000,-0.216412114,-74.784852931005
5504000000.000000,-0.225348950,-74.789265451873
5505000000.000000,-0.217902067,-74.802262112090
5506000000.000000,-0.213382924,-74.805403848246
5507000000.000000,-0.217799039,-74.823093800950
5508000000.000000,-0.208919327,-74.824557222548
5509000000.000000,-0.208885617,-74.824653320714
5510000000.000000,-0.200699081,-74.833149509049
5511000000.000000,-0.214029436,-74.845194483652
5512000000.000000,-0.204204167,-74.851332938936
5513000000.000000,-0.217319934,-74.859583777974
5514000000.000000,-0.205735294,-74.860687428229
5515000000.000000,-0.198163630,-74.866251488540
5516000000.000000,-0.189176579,-74.875943049752
5517000000.000000,-0.189280801,-74.880755202276
5518000000.000000,-0.195930573,-74.886664302976
5519000000.000000,-0.194144892,-74.889607977524
5520000000.000000,-0.188330983,-74.896989863081
5521000000.000000,-0.172707176,-74.906114718723
5522000000.000000,-0.183720623,-74.911966760787
5523000000.000000,-0.179556838,-74.917010576645
5524000000.000000,-0.180850229,-74.920831451478
5525000000.000000,-0.171142006,-74.927565504872
5526000000.000000,-0.167693870,-74.935926858817
5527000000.000000,-0.173326317,-74.937833452829
5528000000.000000,-0.167018284,-74.943551198507
5529000000.000000,-0.163438105,-74.956414657665
5530000000.000000,-0.165021024,-74.954798751364
5531000000.000000,-0.150649623,-74.962096241847
5532000000.000000,-0.155025762,-74.971446259735
5533000000.000000,-0.149165468,-74.973010945998
5534000000.000000,-0.144751707,-74.980321660530
5535000000.000000,-0.138976703,-74.981929029905
5536000000.000000,-0.138201756,-74.991480858199
5537000000.000000,-0.137332319,-74.999026028187
5538000000.000000,-0.137299717,-75.005898157525
5539000000.000000,-0.127511332,-75.010225641454
5540000000.000000,-0.115378430,-75.015240905261
5541000000.000000,-0.114474638,-75.025262005079
5542000000.000000,-0.112092585,-75.029223439674
5543000000.000000,-0.119790861,-75.036313447186
5544000000.000000,-0.115536989,-75.045996758597
5545000000.000000,-0.107809938,-75.049903787840
5546000000.000000,-0.092812232,-75.063605114784
5547000000.000000,-0.089529453,-75.066996495396
5548000000.000000,-0.089364635,-75.078011742110
5549000000.000000,-0.091238702,-75.083660934746
5550000000.000000,-0.095217257,-75.093127498377
5551000000.000000,-0.072878763,-75.098071963008
5552000000.000000,-0.086084938,-75.110441027284
5553000000.000000,-0.078816494,-75.114792439473
5554000000.000000,-0.074858349,-75.122463700222
5555000000.000000,-0.062495711,-75.136157804881
5556000000.000000,-0.065134578,-75.146279559589
5557000000.000000,-0.057923808,-75.151139804262
5558000000.000000,-0.057268191,-75.160311090104
5559000000.000000,-0.043330720,-75.172267625299
5560000000.000000,-0.054663864,-75.178540104762
5561000000.000000,-0.048243050,-75.195471238357
5562000000.000000,-0.043219817,-75.202359048799
5563000000.000000,-0.035291015,-75.209962910363
5564000000.000000,-0.038233186,-75.230243074505
5565000000.000000,-0.039202878,-75.232908944403
5566000000.000000,-0.018875398,-75.239532440306
5567000000.000000,-0.012650817,-75.260996467324
5568000000.000000,-0.018132224,-75.267478355522
5569000000.000000,-0.004449393,-75.280607299034
5570000000.000000,-0.007497204,-75.290840399072
5571000000.000000,0.002016658,-75.302872292581
5572000000.000000,-0.000157004,-75.318950442242
5573000000.000000,0.008887621,-75.334459559229
5574000000.000000,0.005917295,-75.346823334834
5575000000.000000,0.013095840,-75.361542761635
5576000000.000000,0.012711697,-75.373629027009
5577000000.000000,0.028129967,-75.383497979915
5578000000.000000,0.015409494,-75.400057929714
5579000000.000000,0.025087718,-75.416867531466
5580000000.000000,0.040612510,-75.430136617462
5581000000.000000,0.045127643,-75.440808080295
5582000000.000000,0.036271558,-75.456670241789
5583000000.000000,0.036983050,-75.474636452575
5584000000.000000,0.056531125,-75.489643793406
5585000000.000000,0.044922687,-75.503056179678
5586000000.000000,0.057509283,-75.520693578402
5587000000.000000,0.053524502,-75.538857480623
5588000000.000000,0.056570938,-75.555416151455
5589000000.000000,0.060832284,-75.569275641448
5590000000.000000,0.065814988,-75.593177597703
5591000000.000000,0.080562647,-75.604938562408
5592000000.000000,0.077206189,-75.623987511350
5593000000.000000,0.082422258,-75.639818812206
5594000000.000000,0.074853829,-75.661457861068
5595000000.000000,0.078556560,-75.675281836469
5596000000.000000,0.082905667,-75.696386997201
5597000000.000000,0.097265016,-75.714468039708
5598000000.000000,0.095015371,-75.730026790544
5599000000.000000,0.102958743,-75.755159907875
5600000000.000000,0.095863284,-75.766775646167
5601000000.000000,0.103378899,-75.789604311382
5602000000.000000,0.111716618,-75.811813284767
5603000000.000000,0.108208272,-75.826016038126
5604000000.000000,0.118605676,-75.846353704009
5605000000.000000,0.113644173,-75.867960426618
5606000000.000000,0.107851979,-75.887633637227
5607000000.000000,0.123544849,-75.909647540909
5608000000.000000,0.117679221,-75.926990205974
5609000000.000000,0.118027796,-75.949329901916
5610000000.000000,0.119198941,-75.968217297239
5611000000.000000,0.125260466,-75.984588720418
5612000000.000000,0.120039026,-76.007166779997
5613000000.000000,0.131427652,-76.031433878350
5614000000.000000,0.124119422,-76.048047463793
5615000000.000000,0.128223911,-76.073402474432
5616000000.000000,0.137337122,-76.093778497463
5617000000.000000,0.140131868,-76.116499173843
5618000000.000000,0.154863310,-76.133960088969
5619000000.000000,0.155710331,-76.162025126158
5620000000.000000,0.138942326,-76.182186415208
5621000000.000000,0.146322990,-76.200946324001
5622000000.000000,0.151748281,-76.227311128382
5623000000.000000,0.149397875,-76.247397065020
5624000000.000000,0.160799541,-76.266464690604
5625000000.000000,0.151136845,-76.288735114876
5626000000.000000,0.146248404,-76.309698075432
5627000000.000000,0.147540002,-76.327575814876
5628000000.000000,0.152369922,-76.350698002228
5629000000.000000,0.148925241,-76.373414382418
5630000000.000000,0.154272641,-76.393299245577
5631000000.000000,0.159034383,-76.416411491837
5632000000.000000,0.156515581,-76.435740490415
5633000000.000000,0.157828318,-76.460296143799
5634000000.000000,0.158670544,-76.482255803882
5635000000.000000,0.156767679,-76.497562323023
5636000000.000000,0.150242428,-76.524706248130
5637000000.000000,0.163385809,-76.546459949530
5638000000.000000,0.164250621,-76.565823789128
5639000000.000000,0.159091114,-76.584119676901
5640000000.000000,0.168993025,-76.610626844464
5641000000.000000,0.153144889,-76.627697532325
5642000000.000000,0.161935228,-76.648749789995
5643000000.000000,0.157832773,-76.671466888505
5644000000.000000,0.162603290,-76.688860912526
5645000000.000000,0.168823798,-76.710052310283
5646000000.000000,0.160191657,-76.727602105846
5647000000.000000,0.172418414,-76.746411097981
5648000000.000000,0.158588712,-76.768404736519
5649000000.000000,0.169471644,-76.790203154536
5650000000.000000,0.170631963,-76.807687664104
5651000000.000000,0.172328799,-76.828183965646
5652000000.000000,0.162349328,-76.844689748787
5653000000.000000,0.171617393,-76.868507956509
5654000000.000000,0.172185676,-76.884439765437
5655000000.000000,0.170948388,-76.904099094556
5656000000.000000,0.155205629,-76.924312245759
5657000000.000000,0.155164475,-76.940139186572
5658000000.000000,0.164876221,-76.955139926297
5659000000.000000,0.163876472,-76.974754603260
5660000000.000000,0.156664153,-76.996536860734
5661000000.000000,0.162038915,-77.009163285337
5662000000.000000,0.157492277,-77.029785185181
5663000000.000000,0.154408317,-77.047363933109
5664000000.000000,0.157249059,-77.062489357454
5665000000.000000,0.154871337,-77.074399445672
5666000000.000000,0.148106782,-77.096580686126
5667000000.000000,0.152717768,-77.110802387572
5668000000.000000,0.147454576,-77.125583670256
5669000000.000000,0.153861618,-77.138991122995
5670000000.000000,0.154392462,-77.159125870174
5671000000.000000,0.151851663,-77.167959586321
5672000000.000000,0.150194859,-77.185503540474
5673000000.000000,0.150392177,-77.201097414759
5674000000.000000,0.147852636,-77.211234999854
5675000000.000000,0.160286414,-77.226523277168
5676000000.000000,0.149634536,-77.243815564169
5677000000.000000,0.146664681,-77.259274286640
5678000000.000000,0.147528088,-77.267807226898
5679000000.000000,0.147800285,-77.280469095512
5680000000.000000,0.134539184,-77.290252264012
5681000000.000000,0.147247529,-77.308808472217
5682000000.000000,0.137585183,-77.316423850060
5683000000.000000,0.131551161,-77.333486740212
5684000000.000000,0.133227314,-77.341228800763
5685000000.000000,0.136130333,-77.353964115164
5686000000.000000,0.132074036,-77.357880433371
5687000000.000000,0.124051484,-77.371046625797
5688000000.000000,0.133322695,-77.386450605593
5689000000.000000,0.121987692,-77.395999182053
5690000000.000000,0.138213561,-77.406755922312
5691000000.000000,0.127780173,-77.421831262490
5692000000.000000,0.125618489,-77.426281717911
5693000000.000000,0.122561309,-77.435587691988
5694000000.000000,0.123835894,-77.447361180064
5695000000.000000,0.124218372,-77.455325496552
5696000000.000000,0.126553546,-77.460784568110
5697000000.000000,0.113675192,-77.474613757162
5698000000.000000,0.120805193,-77.478659830782
5699000000.000000,0.128327600,-77.484775165630
5700000000.000000,0.111896917,-77.500345113844
5701000000.000000,0.107291415,-77.502578557939
5702000000.000000,0.110377786,-77.510963665289
5703000000.000000,0.118280607,-77.518692993581
5704000000.000000,0.108073062,-77.529657415084
5705000000.000000,0.110849065,-77.536853537023
5706000000.000000,0.113126063,-77.540739887946
5707000000.000000,0.100400720,-77.550336853490
5708000000.000000,0.095265550,-77.558177030287
5709000000.000000,0.100080762,-77.559535294669
5710000000.000000,0.100830502,-77.569141774031
5711000000.000000,0.092050814,-77.573532885153
5712000000.000000,0.083403561,-77.574446969026
5713000000.000000,0.101349838,-77.581227413970
5714000000.000000,0.093300770,-77.590985114534
5715000000.000000,0.084740830,-77.596293401163
5716000000.000000,0.092375853,-77.596748058286
5717000000.000000,0.085438045,-77.608158289043
5718000000.000000,0.093059347,-77.612878237123
5719000000.000000,0.088107730,-77.616967319166
5720000000.000000,0.077803476,-77.624836464670
5721000000.000000,0.092288190,-77.632618783225
5722000000.000000,0.092734615,-77.635772923232
5723000000.000000,0.092805935,-77.635969723495
5724000000.000000,0.081482874,-77.641387431484
5725000000.000000,0.074751608,-77.646256944917
5726000000.000000,0.070378318,-77.656355597504
5727000000.000000,0.072855554,-77.661057309677
5728000000.000000,0.070665643,-77.666393590496
5729000000.000000,0.075356209,-77.668605795717
5730000000.000000,0.077406719,-77.675694338685
5731000000.000000,0.071700108,-77.681735369590
5732000000.000000,0.078611600,-77.680897236432
5733000000.000000,0.065570013,-77.696882115438
5734000000.000000,0.065290166,-77.698210958077
5735000000.000000,0.060904002,-77.700085629795
5736000000.000000,0.069019649,-77.705849209471
5737000000.000000,0.069075470,-77.709621196133
5738000000.000000,0.048404354,-77.716492396159
5739000000.000000,0.065404031,-77.721648392779
5740000000.000000,0.058407886,-77.730887556367
5741000000.000000,0.059317919,-77.735445815718
5742000000.000000,0.054701344,-77.740189386812
5743000000.000000,0.049953604,-77.747424986570
5744000000.000000,0.050888379,-77.753517932286
5745000000.000000,0.052079675,-77.756276232236
5746000000.000000,0.060582022,-77.761156979798
5747000000.000000,0.045116854,-77.769786816428
5748000000.000000,0.046074873,-77.772989832208
5749000000.000000,0.048160129,-77.780765258033
5750000000.000000,0.043822957,-77.794527497642
5751000000.000000,0.041478164,-77.797299047184
5752000000.000000,0.053936203,-77.804778774280
5753000000.000000,0.048153576,-77.810119609727
5754000000.000000,0.040012434,-77.817023784250
5755000000.000000,0.046818899,-77.826106707057
5756000000.000000,0.039775315,-77.833105759355
5757000000.000000,0.038776558,-77.841315513484
5758000000.000000,0.039005692,-77.854658838817
5759000000.000000,0.031770242,-77.860837739461
5760000000.000000,0.041219075,-77.867054279987
5761000000.000000,0.039252537,-77.876024232686
5762000000.000000,0.036716317,-77.891203411062
5763000000.000000,0.027345407,-77.891193957409
5764000000.000000,0.038388582,-77.905470703758
5765000000.000000,0.041816847,-77.911537192175
5766000000.000000,0.030777211,-77.921818803899
5767000000.000000,0.030684082,-77.935043338589
5768000000.000000,0.035476640,-77.948605278788
5769000000.000000,0.030031467,-77.955144217460
5770000000.000000,0.037678121,-77.967522878718
5771000000.000000,0.031538016,-77.980622363970
5772000000.000000,0.026042868,-77.991364886277
5773000000.000000,0.036847422,-78.000859254057
5774000000.000000,0.028309388,-78.014863651903
5775000000.000000,0.011065107,-78.029931604006
5776000000.000000,0.021595801,-78.042276872406
5777000000.000000,0.021074108,-78.054299183220
5778000000.000000,0.020291811,-78.066717220795
5779000000.000000,0.017864383,-78.081226574603
5780000000.000000,0.034251731,-78.092302991268
5781000000.000000,0.027268047,-78.109548119944
5782000000.000000,0.021344165,-78.123623553202
5783000000.000000,0.018486148,-78.142628887897
5784000000.000000,0.010971923,-78.152927151329
5785000000.000000,0.020161526,-78.166107979527
5786000000.000000,0.015680255,-78.184971574437
5787000000.000000,0.016175314,-78.202417256805
5788000000.000000,0.020130282,-78.216190604618
5789000000.000000,0.010539030,-78.229929027383
5790000000.000000,0.015969952,-78.245168717220
5791000000.000000,0.008587542,-78.262709782788
5792000000.000000,0.010085481,-78.272671919217
5793000000.000000,0.020310825,-78.296506908283
5794000000.000000,-0.004198249,-78.310642039927
5795000000.000000,0.009986424,-78.333034908340
5796000000.000000,0.008650864,-78.345354701276
5797000000.000000,0.008562582,-78.364876305362
5798000000.000000,0.002464995,-78.383203638097
5799000000.000000,0.010016496,-78.402825978681
5800000000.000000,0.005024258,-78.423628167779
5801000000.000000,0.002121447,-78.442524899598
5802000000.000000,0.007871937,-78.462554495787
5803000000.000000,0.006588222,-78.478426399953
5804000000.000000,0.002505185,-78.497685633526
5805000000.000000,0.006370381,-78.518836491689
5806000000.000000,-0.002871728,-78.541556409339
5807000000.000000,0.006344572,-78.557798420704
5808000000.000000,-0.000647263,-78.584342223699
5809000000.000000,-0.008224269,-78.597441234390
5810000000.000000,-0.002969898,-78.619708649395
5811000000.000000,-0.007974055,-78.640806905249
5812000000.000000,-0.006919333,-78.662967653083
5813000000.000000,-0.009271065,-78.679151461771
5814000000.000000,-0.002410190,-78.699101074721
5815000000.000000,0.002721467,-78.727090035777
5816000000.000000,-0.007158411,-78.744619012293
5817000000.000000,-0.006456585,-78.767881882818
5818000000.000000,-0.009491467,-78.792031772582
5819000000.000000,-0.010225313,-78.814205552118
5820000000.000000,-0.003075231,-78.834041957454
5821000000.000000,0.001004229,-78.864217760492
5822000000.000000,-0.015530958,-78.880183541137
5823000000.000000,-0.017960066,-78.902428560744
5824000000.000000,-0.004164849,-78.923037499242
5825000000.000000,-0.007540525,-78.939840175276
5826000000.000000,-0.013439177,-78.963708199001
5827000000.000000,-0.017360737,-78.990808485808
5828000000.000000,-0.003220819,-79.009467289750
5829000000.000000,0.000986441,-79.035369874759
5830000000.000000,-0.021690072,-79.057201898029
5831000000.000000,-0.018760592,-79.076450977823
5832000000.000000,-0.015621309,-79.096066143784
5833000000.000000,-0.010283949,-79.120367243922
5834000000.000000,-0.019302623,-79.143663994155
5835000000.000000,-0.020116756,-79.162499232245
5836000000.000000,-0.020139548,-79.189034839186
5837000000.000000,-0.022019578,-79.208342453318
5838000000.000000,-0.019882442,-79.233952891238
5839000000.000000,-0.019464145,-79.253978435336
5840000000.000000,-0.030161025,-79.276560261234
5841000000.000000,-0.014709958,-79.291351083621
5842000000.000000,-0.018489636,-79.320814666896
5843000000.000000,-0.026042304,-79.342624642011
5844000000.000000,-0.028217458,-79.362302315793
5845000000.000000,-0.029237818,-79.384067137730
5846000000.000000,-0.019928248,-79.402557251004
5847000000.000000,-0.026338944,-79.422825963444
5848000000.000000,-0.033757280,-79.446969802124
5849000000.000000,-0.029063631,-79.467568349889
5850000000.000000,-0.029954676,-79.487345539101
5851000000.000000,-0.025741105,-79.507264036424
5852000000.000000,-0.025747259,-79.527782046684
5853000000.000000,-0.019050648,-79.549789111640
5854000000.000000,-0.037993232,-79.572571835269
5855000000.000000,-0.022734902,-79.591613238915
5856000000.000000,-0.036766494,-79.607898995227
5857000000.000000,-0.040346030,-79.628104074319
5858000000.000000,-0.039042187,-79.644216378231
5859000000.000000,-0.045741777,-79.669982087756
5860000000.000000,-0.041473430,-79.682314954944
5861000000.000000,-0.039776796,-79.702072727281
5862000000.000000,-0.040610862,-79.721907822228
5863000000.000000,-0.056376180,-79.740437076478
5864000000.000000,-0.046326975,-79.757314942317
5865000000.000000,-0.049151781,-79.773863983231
5866000000.000000,-0.032571765,-79.791496856027
5867000000.000000,-0.056196019,-79.811008845866
5868000000.000000,-0.042457370,-79.825407141122
5869000000.000000,-0.042097698,-79.841867397053
5870000000.000000,-0.051326704,-79.856164044410
5871000000.000000,-0.065287854,-79.876490967645
5872000000.000000,-0.060962971,-79.890683289264
5873000000.000000,-0.053500418,-79.903749593133
5874000000.000000,-0.060404209,-79.922536115091
5875000000.000000,-0.062257481,-79.935287698531
5876000000.000000,-0.061091120,-79.951878971027
5877000000.000000,-0.059914465,-79.961616155157
5878000000.000000,-0.067727516,-79.978961853680
5879000000.000000,-0.063055080,-79.989245594276
5880000000.000000,-0.067395016,-80.004486309692
5881000000.000000,-0.064248906,-80.022212108609
5882000000.000000,-0.068159171,-80.032221302882
5883000000.000000,-0.072190109,-80.046352618650
5884000000.000000,-0.066655078,-80.054246050961
5885000000.000000,-0.069568629,-80.066186309186
5886000000.000000,-0.075903220,-80.079979036676
5887000000.000000,-0.065443818,-80.094204159640
5888000000.000000,-0.066589239,-80.103340679706
5889000000.000000,-0.065974648,-80.112406317477
5890000000.000000,-0.083559058,-80.128301009386
5891000000.000000,-0.080591448,-80.135975589865
5892000000.000000,-0.082372358,-80.147031505266
5893000000.000000,-0.090834440,-80.158561917992
5894000000.000000,-0.083210572,-80.166016547956
5895000000.000000,-0.079315753,-80.178107093632
5896000000.000000,-0.087049552,-80.182020152388
5897000000.000000,-0.092463165,-80.191498369543
5898000000.000000,-0.079603242,-80.205234937380
5899000000.000000,-0.085939797,-80.212620535465
5900000000.000000,-0.098522259,-80.215548618741
5901000000.000000,-0.088573474,-80.223023462739
5902000000.000000,-0.093627816,-80.230816276191
5903000000.000000,-0.092127065,-80.239286636638
5904000000.000000,-0.084685719,-80.246437513648
5905000000.000000,-0.098227715,-80.254647594239
5906000000.000000,-0.110196961,-80.259532663902
5907000000.000000,-0.090352984,-80.266382812912
5908000000.000000,-0.102464215,-80.270821690429
5909000000.000000,-0.103084803,-80.277174550995
5910000000.000000,-0.101584975,-80.285978303544
5911000000.000000,-0.100508309,-80.290169770050
5912000000.000000,-0.096711895,-80.294625062918
5913000000.000000,-0.101623410,-80.301413211928
5914000000.000000,-0.099347718,-80.304227268833
5915000000.000000,-0.107148131,-80.311618870471
5916000000.000000,-0.110199807,-80.314153340618
5917000000.000000,-0.110170060,-80.316712307844
5918000000.000000,-0.111072435,-80.321530293029
5919000000.000000,-0.109530320,-80.326195896293
5920000000.000000,-0.097869436,-80.329465305112
5921000000.000000,-0.109089197,-80.339577939718
5922000000.000000,-0.117543431,-80.338051465337
5923000000.000000,-0.110362649,-80.344451005040
5924000000.000000,-0.118991642,-80.346754839724
5925000000.000000,-0.113346748,-80.353090146244
5926000000.000000,-0.115586684,-80.353860982586
5927000000.000000,-0.115224060,-80.359167087319
5928000000.000000,-0.128370986,-80.360786834600
5929000000.000000,-0.118480494,-80.361583538997
5930000000.000000,-0.118141127,-80.366854965383
5931000000.000000,-0.118475960,-80.369401564588
5932000000.000000,-0.119775309,-80.368168202264
5933000000.000000,-0.139047734,-80.373723712334
5934000000.000000,-0.122541444,-80.382943959096
5935000000.000000,-0.122328384,-80.384963367931
5936000000.000000,-0.117700407,-80.384145296920
5937000000.000000,-0.136563256,-80.387615741918
5938000000.000000,-0.128323856,-80.396094247865
5939000000.000000,-0.113122937,-80.393398156708
5940000000.000000,-0.128041406,-80.397824758828
5941000000.000000,-0.136403457,-80.396698828230
5942000000.000000,-0.128869635,-80.403129495139
5943000000.000000,-0.128457306,-80.410606950163
5944000000.000000,-0.133784171,-80.410762230152
5945000000.000000,-0.128665206,-80.414823593554
5946000000.000000,-0.130434921,-80.421656424134
5947000000.000000,-0.135148052,-80.418211107080
5948000000.000000,-0.146584930,-80.425292292540
5949000000.000000,-0.132625539,-80.435024275513
5950000000.000000,-0.133344529,-80.432965513118
5951000000.000000,-0.130221842,-80.438036531261
5952000000.000000,-0.137629692,-80.446556076410
5953000000.000000,-0.142031361,-80.447147922062
5954000000.000000,-0.125571266,-80.453151636590
5955000000.000000,-0.133577624,-80.451296280672
5956000000.000000,-0.127988477,-80.458289403694
5957000000.000000,-0.130792749,-80.463391720160
5958000000.000000,-0.127063641,-80.472344976028
5959000000.000000,-0.131547592,-80.476966925495
5960000000.000000,-0.140295536,-80.479951593475
5961000000.000000,-0.143793043,-80.485443925209
5962000000.000000,-0.138478166,-80.494472713456
5963000000.000000,-0.137810848,-80.502189634932
5964000000.000000,-0.139687163,-80.505565321965
5965000000.000000,-0.125273398,-80.518585421109
5966000000.000000,-0.130609858,-80.520553977731
5967000000.000000,-0.133870674,-80.528032993008
5968000000.000000,-0.136217801,-80.534859832109
5969000000.000000,-0.140178830,-80.540234965572
5970000000.000000,-0.136908527,-80.547042126896
5971000000.000000,-0.129994250,-80.559719331792
5972000000.000000,-0.131928621,-80.565201119767
5973000000.000000,-0.138074466,-80.575958077562
5974000000.000000,-0.134129725,-80.575218843168
5975000000.000000,-0.137158282,-80.591208629536
5976000000.000000,-0.130404966,-80.603608348903
5977000000.000000,-0.136881113,-80.613795242158
5978000000.000000,-0.145006993,-80.619866928189
5979000000.000000,-0.128545159,-80.629715021454
5980000000.000000,-0.127179164,-80.642489018502
5981000000.000000,-0.140539556,-80.650710243170
5982000000.000000,-0.130700814,-80.663544958806
5983000000.000000,-0.135874625,-80.672672282540
5984000000.000000,-0.131887312,-80.688899664558
5985000000.000000,-0.132211978,-80.695464893440
5986000000.000000,-0.127010544,-80.713340411988
5987000000.000000,-0.139407490,-80.719393438172
5988000000.000000,-0.127696590,-80.729957943395
5989000000.000000,-0.134806254,-80.747970517106
5990000000.000000,-0.119303192,-80.758488572025
5991000000.000000,-0.138795969,-80.773335767849
5992000000.000000,-0.120581128,-80.785517752673
5993000000.000000,-0.135466753,-80.799146111348
5994000000.000000,-0.134910391,-80.817915090038
5995000000.000000,-0.120644487,-80.830217268934
5996000000.000000,-0.126803421,-80.844352522906
5997000000.000000,-0.128641391,-80.855903525336
5998000000.000000,-0.124748877,-80.873236359680
5999000000.000000,-0.121964050,-80.890452527333
6000000000.000000,-0.119141211,-80.907582498404
6001000000.000000,-0.125038223,-80.921211539527
6002000000.000000,-0.116990948,-80.939357174104
6003000000.000000,-0.118502122,-80.954082735152
6004000000.000000,-0.132143985,-80.969472297807
6005000000.000000,-0.112233507,-80.988542716515
6006000000.000000,-0.110924932,-81.002484154951
6007000000.000000,-0.126087013,-81.024939015920
6008000000.000000,-0.118282582,-81.043608355953
6009000000.000000,-0.111602387,-81.063632354435
6010000000.000000,-0.112921559,-81.077494028564
6011000000.000000,-0.118581061,-81.098624628630
6012000000.000000,-0.119752258,-81.114013834700
6013000000.000000,-0.115901139,-81.133411665588
6014000000.000000,-0.116033557,-81.153495376551
6015000000.000000,-0.113557456,-81.173355832949
6016000000.000000,-0.121406129,-81.190914535920
6017000000.000000,-0.106002042,-81.210139220727
6018000000.000000,-0.115021974,-81.225277000380
6019000000.000000,-0.102747771,-81.249672577229
6020000000.000000,-0.108850085,-81.267222851870
6021000000.000000,-0.111311850,-81.289936278634
6022000000.000000,-0.099990615,-81.307962582836
6023000000.000000,-0.103412633,-81.326219595599
6024000000.000000,-0.097954993,-81.347802158277
6025000000.000000,-0.104148399,-81.373248522024
6026000000.000000,-0.096466834,-81.388540440866
6027000000.000000,-0.102750795,-81.410804856825
6028000000.000000,-0.095767664,-81.424517208265
6029000000.000000,-0.097991130,-81.450260864576
6030000000.000000,-0.096130780,-81.475249073447
6031000000.000000,-0.092726285,-81.493517761490
6032000000.000000,-0.096866562,-81.513575383502
6033000000.000000,-0.087854264,-81.534430903560
6034000000.000000,-0.105012713,-81.553609653140
6035000000.000000,-0.088562537,-81.573549690625
6036000000.000000,-0.090855565,-81.597038705165
6037000000.000000,-0.082492999,-81.617864755334
6038000000.000000,-0.085792887,-81.641580225459
6039000000.000000,-0.104302493,-81.654704457547
6040000000.000000,-0.085274773,-81.683547748373
6041000000.000000,-0.088765759,-81.699692844299
6042000000.000000,-0.084549693,-81.722649959948
6043000000.000000,-0.093590767,-81.737285067179
6044000000.000000,-0.084940177,-81.763549436407
6045000000.000000,-0.090592377,-81.777774493879
6046000000.000000,-0.086836126,-81.801046257353
6047000000.000000,-0.080821294,-81.817979256841
6048000000.000000,-0.090580242,-81.844216271957
6049000000.000000,-0.079604309,-81.858599156392
6050000000.000000,-0.082321740,-81.877375429280
6051000000.000000,-0.082386415,-81.895385636002
6052000000.000000,-0.085871982,-81.916405772051
6053000000.000000,-0.087439595,-81.937089227983
6054000000.000000,-0.063296582,-81.955126756411
6055000000.000000,-0.074179097,-81.978215150987
6056000000.000000,-0.088396176,-81.995551316991
6057000000.000000,-0.079754977,-82.011442774651
6058000000.000000,-0.065636490,-82.029050273276
6059000000.000000,-0.075285307,-82.048706151850
6060000000.000000,-0.076263745,-82.070584171383
6061000000.000000,-0.074235929,-82.086282417601
6062000000.000000,-0.071706002,-82.098961270121
6063000000.000000,-0.072134249,-82.120648722755
6064000000.000000,-0.067228588,-82.136068795385
6065000000.000000,-0.062677494,-82.149003806019
6066000000.000000,-0.080590728,-82.170257324498
6067000000.000000,-0.054836283,-82.190367600033
6068000000.000000,-0.059374390,-82.202831033090
6069000000.000000,-0.075663052,-82.222741911929
6070000000.000000,-0.058604918,-82.234737935286
6071000000.000000,-0.069523642,-82.254299584189
6072000000.000000,-0.058607880,-82.264714683911
6073000000.000000,-0.051529520,-82.276580161988
6074000000.000000,-0.052261953,-82.297963658551
6075000000.000000,-0.064197564,-82.308390032620
6076000000.000000,-0.055132325,-82.321963084890
6077000000.000000,-0.058118743,-82.342154412851
6078000000.000000,-0.059481963,-82.356183689897
6079000000.000000,-0.055943287,-82.365650815468
6080000000.000000,-0.052817642,-82.378528164821
6081000000.000000,-0.054583139,-82.390935845774
6082000000.000000,-0.044015989,-82.403472765248
6083000000.000000,-0.048757053,-82.416591026205
6084000000.000000,-0.047411710,-82.430075007268
6085000000.000000,-0.049854953,-82.442963682443
6086000000.000000,-0.058966490,-82.452247618128
6087000000.000000,-0.042284558,-82.469458107700
6088000000.000000,-0.052310844,-82.477895308223
6089000000.000000,-0.045254472,-82.492555861031
6090000000.000000,-0.044467525,-82.505726347371
6091000000.000000,-0.050041396,-82.513326693216
6092000000.000000,-0.053986746,-82.523818180613
6093000000.000000,-0.038327113,-82.531885170824
6094000000.000000,-0.036094257,-82.542400396000
6095000000.000000,-0.039139342,-82.549841117311
6096000000.000000,-0.040002277,-82.566542620943
6097000000.000000,-0.050957716,-82.569429812283
6098000000.000000,-0.045563900,-82.587105583877
6099000000.000000,-0.038214191,-82.593468021417
6100000000.000000,-0.043936486,-82.601502852073
6101000000.000000,-0.046386553,-82.614439188648
6102000000.000000,-0.024227316,-82.617788833131
6103000000.000000,-0.037427746,-82.625261836353
6104000000.000000,-0.033145979,-82.636688846813
6105000000.000000,-0.038464668,-82.645179170638
6106000000.000000,-0.036589722,-82.652700968848
6107000000.000000,-0.053138828,-82.662331969045
6108000000.000000,-0.034389377,-82.669784620518
6109000000.000000,-0.043691356,-82.676073576239
6110000000.000000,-0.031581528,-82.683287135858
6111000000.000000,-0.040367001,-82.696105625589
6112000000.000000,-0.039658850,-82.703001256522
6113000000.000000,-0.035811399,-82.711478820849
6114000000.000000,-0.032557888,-82.720405073851
6115000000.000000,-0.028525690,-82.722384480372
6116000000.000000,-0.040764559,-82.733961784007
6117000000.000000,-0.033769209,-82.743105724440
6118000000.000000,-0.031576536,-82.746826879811
6119000000.000000,-0.031921087,-82.753666289524
6120000000.000000,-0.030383547,-82.764672794362
6121000000.000000,-0.024919946,-82.769792531417
6122000000.000000,-0.026034716,-82.775126356893
6123000000.000000,-0.038169460,-82.785364072513
6124000000.000000,-0.025505104,-82.792854867559
6125000000.000000,-0.030074262,-82.795435833138
6126000000.000000,-0.023625871,-82.804894978793
6127000000.000000,-0.030726316,-82.812651527552
6128000000.000000,-0.029115167,-82.814505335814
6129000000.000000,-0.030371638,-82.826162285609
6130000000.000000,-0.017566772,-82.829275653030
6131000000.000000,-0.024658394,-82.839833663956
6132000000.000000,-0.020362661,-82.845409193765
6133000000.000000,-0.021732506,-82.847632585606
6134000000.000000,-0.017984034,-82.859990770348
6135000000.000000,-0.017429679,-82.868074039564
6136000000.000000,-0.016971252,-82.869486590693
6137000000.000000,-0.021186655,-82.878494622776
6138000000.000000,-0.012067703,-82.885321250467
6139000000.000000,-0.019329903,-82.892623513998
6140000000.000000,-0.020811228,-82.903884113214
6141000000.000000,-0.015042498,-82.914658324985
6142000000.000000,-0.009126059,-82.911594409949
6143000000.000000,-0.012556076,-82.922983247550
6144000000.000000,-0.011892890,-82.926819844854
6145000000.000000,-0.004673625,-82.940954909235
6146000000.000000,-0.005979811,-82.939668352811
6147000000.000000,-0.026114443,-82.952398428846
6148000000.000000,-0.006504125,-82.962030294155
6149000000.000000,-0.008856501,-82.965809710066
6150000000.000000,-0.008933408,-82.973724325690
6151000000.000000,-0.007071009,-82.983576412174
6152000000.000000,-0.009548203,-82.991034469505
6153000000.000000,-0.012877903,-82.993837424676
6154000000.000000,-0.003425661,-83.005347852231
6155000000.000000,-0.018114525,-83.016407934288
6156000000.000000,-0.016557927,-83.016263612417
6157000000.000000,-0.012379809,-83.025868209042
6158000000.000000,-0.011081532,-83.036734916455
6159000000.000000,-0.007658427,-83.046050461193
6160000000.000000,-0.000810635,-83.055814372509
6161000000.000000,-0.003894566,-83.062680086650
6162000000.000000,-0.012890087,-83.073911970766
6163000000.000000,-0.001856827,-83.086398922253
6164000000.000000,-0.002275157,-83.092193733599
6165000000.000000,-0.000914197,-83.103746177830
6166000000.000000,-0.001175195,-83.113809929797
6167000000.000000,-0.002767475,-83.120329117127
6168000000.000000,-0.004040595,-83.131144281917
6169000000.000000,-0.009114637,-83.144177890610
6170000000.000000,-0.000442868,-83.149670425235
6171000000.000000,0.005410373,-83.165088500715
6172000000.000000,0.013941378,-83.175153820684
6173000000.000000,0.014443045,-83.185459170742
6174000000.000000,0.004886161,-83.198340063431
6175000000.000000,0.001797791,-83.207880802479
6176000000.000000,0.008166781,-83.218575909811
6177000000.000000,0.002480256,-83.236701725905
6178000000.000000,0.013767422,-83.244648996962
6179000000.000000,0.013587484,-83.258050001242
6180000000.000000,0.005792523,-83.267624477857
6181000000.000000,0.005547268,-83.276261533226
6182000000.000000,0.010826480,-83.294800209522
6183000000.000000,0.021072772,-83.309552609943
6184000000.000000,0.008514681,-83.316328049455
6185000000.000000,0.018288499,-83.328422061768
6186000000.000000,0.007960933,-83.345854138990
6187000000.000000,0.035034257,-83.363280577918
6188000000.000000,0.015456586,-83.373531259663
6189000000.000000,0.014159453,-83.387665431579
6190000000.000000,0.019723061,-83.406895904954
6191000000.000000,0.018064919,-83.414773521984
6192000000.000000,0.014983333,-83.429892136822
6193000000.000000,0.019462701,-83.444936302263
6194000000.000000,0.025032886,-83.461878464194
6195000000.000000,0.026803289,-83.473711544338
6196000000.000000,0.032687214,-83.496456683764
6197000000.000000,0.031918339,-83.509708820186
6198000000.000000,0.019113926,-83.527275237593
6199000000.000000,0.027964593,-83.541313878227
6200000000.000000,0.033157027,-83.556990134629
6201000000.000000,0.045549981,-83.579720025807
6202000000.000000,0.029081307,-83.595633844868
6203000000.000000,0.042248682,-83.615203143673
6204000000.000000,0.032513505,-83.634948032021
6205000000.000000,0.037726868,-83.646876845683
6206000000.000000,0.032817785,-83.668471127351
6207000000.000000,0.039050938,-83.683977016564
6208000000.000000,0.033385731,-83.706339191325
6209000000.000000,0.040015964,-83.725301229179
6210000000.000000,0.034699232,-83.745793756790
6211000000.000000,0.053434774,-83.762948262213
6212000000.000000,0.049499916,-83.782351187233
6213000000.000000,0.039488631,-83.807824252011
6214000000.000000,0.041731293,-83.821818684574
6215000000.000000,0.043968887,-83.843516480531
6216000000.000000,0.041297810,-83.862958609763
6217000000.000000,0.057044522,-83.884420799713
6218000000.000000,0.060629083,-83.903475871170
6219000000.000000,0.055132170,-83.926926756802
6220000000.000000,0.045402614,-83.949886387287
6221000000.000000,0.055181096,-83.966781310334
6222000000.000000,0.051146266,-83.990315096387
6223000000.000000,0.043334488,-84.013525541898
6224000000.000000,0.060309565,-84.034545990176
6225000000.000000,0.064579146,-84.058382802720
6226000000.000000,0.060618451,-84.074548758621
6227000000.000000,0.054250133,-84.101965344968
6228000000.000000,0.062757165,-84.126650144112
6229000000.000000,0.065889933,-84.152123093571
6230000000.000000,0.059351151,-84.170655959873
6231000000.000000,0.053494383,-84.194628375200
6232000000.000000,0.064793420,-84.217065456873
6233000000.000000,0.066886591,-84.237919898596
6234000000.000000,0.063097392,-84.263985473547
6235000000.000000,0.068113929,-84.286188255045
6236000000.000000,0.061378577,-84.313311138768
6237000000.000000,0.059583275,-84.333287761926
6238000000.000000,0.062438936,-84.354873191427
6239000000.000000,0.068657385,-84.382030578962
6240000000.000000,0.067391120,-84.406632037062
6241000000.000000,0.065865747,-84.427616682593
6242000000.000000,0.057619339,-84.452441940578
6243000000.000000,0.073597904,-84.475027928629
6244000000.000000,0.066663606,-84.495456014716
6245000000.000000,0.078791018,-84.522450172425
6246000000.000000,0.063647270,-84.544228848132
6247000000.000000,0.076410546,-84.570397139438
6248000000.000000,0.079711225,-84.594876733449
6249000000.000000,0.066940120,-84.616620377131
6250000000.000000,0.068744282,-84.639228591617
6251000000.000000,0.079583638,-84.668792949131
6252000000.000000,0.081172522,-84.691440182366
6253000000.000000,0.082628366,-84.713795196928
6254000000.000000,0.080020223,-84.738289730839
6255000000.000000,0.068408207,-84.760620236585
6256000000.000000,0.082325624,-84.782543281117
6257000000.000000,0.076846251,-84.805258506999
6258000000.000000,0.087456402,-84.830856990940
6259000000.000000,0.079942474,-84.852832077025
6260000000.000000,0.079511335,-84.874003302672
6261000000.000000,0.077705955,-84.898055649660
6262000000.000000,0.081242306,-84.915402282890
6263000000.000000,0.087719880,-84.942103652776
6264000000.000000,0.075871584,-84.968191870535
6265000000.000000,0.094160318,-84.990197644909
6266000000.000000,0.082121055,-85.007698793132
6267000000.000000,0.088746451,-85.027186024565
6268000000.000000,0.079450317,-85.051539248887
6269000000.000000,0.076447095,-85.075963956201
6270000000.000000,0.084029773,-85.095039600066
6271000000.000000,0.085003732,-85.115449103429
6272000000.000000,0.075449561,-85.139609850824
6273000000.000000,0.079114861,-85.158222722771
6274000000.000000,0.087954085,-85.178935216057
6275000000.000000,0.079776911,-85.198655188405
6276000000.000000,0.084910343,-85.225686842405
6277000000.000000,0.078620935,-85.240940596446
6278000000.000000,0.095467515,-85.259128403896
6279000000.000000,0.093741015,-85.277284251680
6280000000.000000,0.084516409,-85.296766795356
6281000000.000000,0.076576723,-85.314102861902
6282000000.000000,0.095100311,-85.341710780298
6283000000.000000,0.079516168,-85.356663967385
6284000000.000000,0.079063006,-85.372129172001
6285000000.000000,0.085769535,-85.389443991885
6286000000.000000,0.081009489,-85.408113510192
6287000000.000000,0.080935408,-85.427148298458
6288000000.000000,0.085292592,-85.447883286430
6289000000.000000,0.074741975,-85.463517178797
6290000000.000000,0.091363821,-85.478803313817
6291000000.000000,0.078245254,-85.498896275640
6292000000.000000,0.075597854,-85.511398687691
6293000000.000000,0.079090513,-85.526789097836
6294000000.000000,0.073745990,-85.543396718222
6295000000.000000,0.087318502,-85.563761995352
6296000000.000000,0.080325935,-85.576116105398
6297000000.000000,0.079808211,-85.593813743561
6298000000.000000,0.081478994,-85.612189242389
6299000000.000000,0.070882474,-85.618871380705
6300000000.000000,0.078074767,-85.639974278451
6301000000.000000,0.088045793,-85.649241828324
6302000000.000000,0.076775798,-85.666908425755
6303000000.000000,0.078280150,-85.676937033203
6304000000.000000,0.073360067,-85.687752722508
6305000000.000000,0.062400163,-85.698536070942
6306000000.000000,0.061315871,-85.711232233802
6307000000.000000,0.058711033,-85.725435463287
6308000000.000000,0.074012371,-85.738522305009
6309000000.000000,0.065943536,-85.749167413720
6310000000.000000,0.066361390,-85.764360354403
6311000000.000000,0.072340860,-85.776128171205
6312000000.000000,0.066596180,-85.784371552186
6313000000.000000,0.059702752,-85.795787472733
6314000000.000000,0.071843214,-85.805634026676
6315000000.000000,0.064666729,-85.820831294078
6316000000.000000,0.058903218,-85.828079786485
6317000000.000000,0.056059201,-85.838250127541
6318000000.000000,0.050682998,-85.850938268044
6319000000.000000,0.059705581,-85.858277119277
6320000000.000000,0.044164540,-85.866719607739
6321000000.000000,0.048728525,-85.874525662640
6322000000.000000,0.051601010,-85.882954589238
6323000000.000000,0.052356661,-85.895909054612
6324000000.000000,0.047874436,-85.907300430599
6325000000.000000,0.039153081,-85.915123012911
6326000000.000000,0.055941330,-85.916312660305
6327000000.000000,0.052608282,-85.931629372100
6328000000.000000,0.048136209,-85.934744432605
6329000000.000000,0.042457637,-85.944175271617
6330000000.000000,0.050548444,-85.955059617989
6331000000.000000,0.049883151,-85.959642329045
6332000000.000000,0.038162923,-85.966552081010
6333000000.000000,0.035056848,-85.977102832729
6334000000.000000,0.030764898,-85.982874246255
6335000000.000000,0.038789432,-85.987004804183
6336000000.000000,0.035826080,-85.995087100524
6337000000.000000,0.021160941,-86.002454395069
6338000000.000000,0.028104129,-86.012113876031
6339000000.000000,0.025130430,-86.015808149498
6340000000.000000,0.021551931,-86.026905232672
6341000000.000000,0.026552844,-86.034636569030
6342000000.000000,0.023275081,-86.035894186383
6343000000.000000,0.023533340,-86.041241138247
6344000000.000000,0.016581531,-86.046114134231
6345000000.000000,0.024022332,-86.056446504791
6346000000.000000,0.011984384,-86.063128226369
6347000000.000000,0.021988269,-86.068938154998
6348000000.000000,0.015157480,-86.073434775387
6349000000.000000,0.017849248,-86.087329208890
6350000000.000000,0.021159833,-86.088668392413
6351000000.000000,0.018785330,-86.092891945439
6352000000.000000,0.014032479,-86.100256330772
6353000000.000000,0.013574030,-86.109476259969
6354000000.000000,0.004626574,-86.112009642549
6355000000.000000,-0.003567154,-86.118286672182
6356000000.000000,0.004024628,-86.128951670347
6357000000.000000,0.004026634,-86.132171488165
6358000000.000000,-0.002097837,-86.135568981859
6359000000.000000,-0.000600870,-86.146425320807
6360000000.000000,-0.001625249,-86.149417143537
6361000000.000000,0.001252243,-86.158469786119
6362000000.000000,-0.006904295,-86.168270340271
6363000000.000000,-0.009491403,-86.173910827451
6364000000.000000,-0.006378838,-86.180801575912
6365000000.000000,-0.003623921,-86.187372098155
6366000000.000000,-0.008596811,-86.194968514275
6367000000.000000,-0.013217423,-86.203956770136
6368000000.000000,-0.018771060,-86.212905537434
6369000000.000000,-0.023478262,-86.216297879196
6370000000.000000,-0.021924952,-86.225086493388
6371000000.000000,-0.032545255,-86.236130076789
6372000000.000000,-0.031226796,-86.242019204692
6373000000.000000,-0.031241113,-86.249994258567
6374000000.000000,-0.024270477,-86.261585166982
6375000000.000000,-0.018656094,-86.268140298339
6376000000.000000,-0.020487440,-86.277756679675
6377000000.000000,-0.026404180,-86.288989437091
6378000000.000000,-0.025761605,-86.293253904540
6379000000.000000,-0.022633657,-86.304522279521
6380000000.000000,-0.033891750,-86.311773439887
6381000000.000000,-0.026530217,-86.319262486414
6382000000.000000,-0.040281111,-86.337474026233
6383000000.000000,-0.029686514,-86.344045483379
6384000000.000000,-0.038451282,-86.356412942384
6385000000.000000,-0.036259010,-86.365101039549
6386000000.000000,-0.037550944,-86.376661417161
6387000000.000000,-0.035838347,-86.386584805306
6388000000.000000,-0.038188100,-86.405671354190
6389000000.000000,-0.053760805,-86.411759914072
6390000000.000000,-0.043649121,-86.420404702255
6391000000.000000,-0.052730973,-86.433712852889
6392000000.000000,-0.049119672,-86.445687431666
6393000000.000000,-0.056769624,-86.458422343566
6394000000.000000,-0.050204309,-86.465027738622
6395000000.000000,-0.045935442,-86.482227875253
6396000000.000000,-0.052390134,-86.496063611664
6397000000.000000,-0.044906338,-86.509234494035
6398000000.000000,-0.064381931,-86.523931428334
6399000000.000000,-0.057263259,-86.538431529513
6400000000.000000,-0.063610850,-86.552356799364
6401000000.000000,-0.057493129,-86.563839365440
6402000000.000000,-0.053821921,-86.579974368529
6403000000.000000,-0.064371807,-86.591845809555
6404000000.000000,-0.062655792,-86.610389407267
6405000000.000000,-0.070646152,-86.626781407412
6406000000.000000,-0.064192636,-86.641085645324
6407000000.000000,-0.064422654,-86.656837872679
6408000000.000000,-0.049207854,-86.671152855543
6409000000.000000,-0.062474203,-86.686684094114
6410000000.000000,-0.067990690,-86.703063888507
6411000000.000000,-0.061372314,-86.721048835628
6412000000.000000,-0.063983135,-86.737503776838
6413000000.000000,-0.066843281,-86.755577270514
6414000000.000000,-0.065203379,-86.774516422224
6415000000.000000,-0.060492923,-86.786698894663
6416000000.000000,-0.071091272,-86.805974526059
6417000000.000000,-0.071162664,-86.825242909601
6418000000.000000,-0.068973599,-86.841657019453
6419000000.000000,-0.072743359,-86.857380903565
6420000000.000000,-0.068005757,-86.878491139343
6421000000.000000,-0.068656663,-86.898138483473
6422000000.000000,-0.069739374,-86.920966580188
6423000000.000000,-0.063027112,-86.932259052064
6424000000.000000,-0.062792383,-86.950323788623
6425000000.000000,-0.070036427,-86.976608847893
6426000000.000000,-0.075016002,-86.995836797772
6427000000.000000,-0.077493817,-87.010705102567
6428000000.000000,-0.059175068,-87.030650140448
6429000000.000000,-0.075793679,-87.054002832361
6430000000.000000,-0.057537488,-87.073502733868
6431000000.000000,-0.077498802,-87.088738514420
6432000000.000000,-0.071528806,-87.108501505632
6433000000.000000,-0.062951076,-87.132981534694
6434000000.000000,-0.057460106,-87.153378726882
6435000000.000000,-0.069666751,-87.171796137852
6436000000.000000,-0.068956060,-87.197960085877
6437000000.000000,-0.068823323,-87.215839016666
6438000000.000000,-0.070193392,-87.234116633745
6439000000.000000,-0.060485080,-87.251492938635
6440000000.000000,-0.063029791,-87.274990673039
6441000000.000000,-0.064605448,-87.297031052498
6442000000.000000,-0.057915500,-87.323193301965
6443000000.000000,-0.072893576,-87.342479900353
6444000000.000000,-0.060334933,-87.360369184310
6445000000.000000,-0.051632274,-87.386946465212
6446000000.000000,-0.052642612,-87.403400668357
6447000000.000000,-0.072611830,-87.425372600769
6448000000.000000,-0.059944706,-87.446028191075
6449000000.000000,-0.056782280,-87.467450889539
6450000000.000000,-0.059121389,-87.488357363452
6451000000.000000,-0.058608354,-87.511424211798
6452000000.000000,-0.053484233,-87.527225546460
6453000000.000000,-0.051608207,-87.550240290889
6454000000.000000,-0.059377108,-87.569244326175
6455000000.000000,-0.061097268,-87.592500958969
6456000000.000000,-0.056353775,-87.612584706363
6457000000.000000,-0.054198928,-87.635378903900
6458000000.000000,-0.062890074,-87.657606627486
6459000000.000000,-0.042161828,-87.676017961680
6460000000.000000,-0.053164942,-87.705219964246
6461000000.000000,-0.045454221,-87.717526607305
6462000000.000000,-0.039853629,-87.740668214167
6463000000.000000,-0.045782275,-87.759165324856
6464000000.000000,-0.038161771,-87.784865344954
6465000000.000000,-0.040360959,-87.800094273279
6466000000.000000,-0.049511069,-87.816028676950
6467000000.000000,-0.046950063,-87.841060928008
6468000000.000000,-0.036925753,-87.859158635954
6469000000.000000,-0.037865300,-87.877626973388
6470000000.000000,-0.039877030,-87.896992948215
6471000000.000000,-0.041288300,-87.918630408838
6472000000.000000,-0.040238257,-87.938628381264
6473000000.000000,-0.034658687,-87.956914865234
6474000000.000000,-0.029244306,-87.975884436042
6475000000.000000,-0.043694753,-87.997415563117
6476000000.000000,-0.034246282,-88.021213939535
6477000000.000000,-0.025000673,-88.032023028880
6478000000.000000,-0.035187750,-88.049541614761
6479000000.000000,-0.026620798,-88.064865207930
6480000000.000000,-0.030880643,-88.086247646081
6481000000.000000,-0.027065200,-88.106270799433
6482000000.000000,-0.027068568,-88.123987150814
6483000000.000000,-0.022594711,-88.143695524934
6484000000.000000,-0.024946861,-88.157030567580
6485000000.000000,-0.015206355,-88.176985639003
6486000000.000000,-0.022330603,-88.193040335263
6487000000.000000,-0.030639617,-88.205744301331
6488000000.000000,-0.003652032,-88.223955677508
6489000000.000000,-0.027630280,-88.239386056248
6490000000.000000,-0.015957576,-88.252416911723
6491000000.000000,0.002061139,-88.266482589300
6492000000.000000,-0.006701194,-88.285706199711
6493000000.000000,-0.013075935,-88.301393933305
6494000000.000000,-0.021281402,-88.315718837560
6495000000.000000,0.001099311,-88.333878323192
6496000000.000000,-0.010400934,-88.347299369392
6497000000.000000,0.015164751,-88.361810197381
6498000000.000000,-0.006503704,-88.369360288458
6499000000.000000,-0.000696269,-88.382233006739
6500000000.000000,0.012691156,-88.398353787907
